-- INTERNETS
INSERT INTO INTERNET (ID, CAPACIDAD, COSTO) VALUES (662, 300, 30000);
INSERT INTO INTERNET (ID, CAPACIDAD, COSTO) VALUES (842, 300, 30000);
INSERT INTO INTERNET (ID, CAPACIDAD, COSTO) VALUES (269, 300, 30000);
COMMIT;

-- HOTELES
--(ID, NOMBRE, CIUDAD, PAIS, DIRECCION, INTERNET_ID) VALUES(
INSERT INTO HOTEL (ID,NOMBRE,CIUDAD,PAIS,DIRECCION,INTERNET_ID) VALUES (89973308199,'Donec Porttitor Tellus Incorporated','Castelbianco','Timor-Leste','438-3467 Nulla. Street',269);
INSERT INTO HOTEL (ID,NOMBRE,CIUDAD,PAIS,DIRECCION,INTERNET_ID) VALUES (55972974299,'Lectus Rutrum Urna LLP','Gävle','Uzbekistan','Ap #844-9917 Metus. Rd.',NULL);
INSERT INTO HOTEL (ID,NOMBRE,CIUDAD,PAIS,DIRECCION,INTERNET_ID) VALUES (46931651399,'Phasellus Ornare Limited','Talcahuano','Korea, North','7343 Curabitur St.',842);
INSERT INTO HOTEL (ID,NOMBRE,CIUDAD,PAIS,DIRECCION,INTERNET_ID) VALUES (79294302099,'Egestas Inc.','Allerona','Korea, South','904-771 Mauris Road',662);
INSERT INTO HOTEL (ID,NOMBRE,CIUDAD,PAIS,DIRECCION,INTERNET_ID) VALUES (46882203999,'Elementum Sem Inc.','Tofield','Chile','7695 Cras St.',NULL);
COMMIT;

--TIPOS DE HABITACIONES
INSERT INTO TIPO_HABITACION (ID,NOMBRE,DESCRIPCION) VALUES (1,'Sencilla','sem egestas blandit. Nam nulla magna, malesuada');
INSERT INTO TIPO_HABITACION (ID,NOMBRE,DESCRIPCION) VALUES ('2','Familiar,','Proin nisl');
INSERT INTO TIPO_HABITACION (ID,NOMBRE,DESCRIPCION) VALUES ('3','Suite','nisi. Cum sociis natoque penatibus et magnis dis parturient');
INSERT INTO TIPO_HABITACION (ID,NOMBRE,DESCRIPCION) VALUES ('4','Suite presidencial','a, auctor non, feugiat nec, diam. Duis mi enim, condimentum eget,');
INSERT INTO TIPO_HABITACION (ID,NOMBRE,DESCRIPCION) VALUES ('5','Doble','ac, feugiat non, lobortis quis,');
COMMIT;

-- HABITACIONES
INSERT INTO HABITACION (ID,CAPACIDAD,CONSUMO,DISPONIBLE,LLEGADA_CLIENTE,TIPO,RESERVA_ID,HOTEL_ID) VALUES (63494920399,5,0,0,0,4,NULL,89973308199);
INSERT INTO HABITACION (ID,CAPACIDAD,CONSUMO,DISPONIBLE,LLEGADA_CLIENTE,TIPO,RESERVA_ID,HOTEL_ID) VALUES (61812992799,2,0,1,0,1,'NULL',89973308199);
INSERT INTO HABITACION (ID,CAPACIDAD,CONSUMO,DISPONIBLE,LLEGADA_CLIENTE,TIPO,RESERVA_ID,HOTEL_ID) VALUES (14533287599,7,0,0,0,2,'NULL',89973308199);
INSERT INTO HABITACION (ID,CAPACIDAD,CONSUMO,DISPONIBLE,LLEGADA_CLIENTE,TIPO,RESERVA_ID,HOTEL_ID) VALUES (92247015199,1,0,1,0,5,'NULL',89973308199);
INSERT INTO HABITACION (ID,CAPACIDAD,CONSUMO,DISPONIBLE,LLEGADA_CLIENTE,TIPO,RESERVA_ID,HOTEL_ID) VALUES (89266500099,8,0,0,0,4,'NULL',89973308199);
INSERT INTO HABITACION (ID,CAPACIDAD,CONSUMO,DISPONIBLE,LLEGADA_CLIENTE,TIPO,RESERVA_ID,HOTEL_ID) VALUES (67651594299,8,0,1,0,3,'NULL',55972974299);
INSERT INTO HABITACION (ID,CAPACIDAD,CONSUMO,DISPONIBLE,LLEGADA_CLIENTE,TIPO,RESERVA_ID,HOTEL_ID) VALUES (67676295299,4,0,0,0,4,'NULL',55972974299);
INSERT INTO HABITACION (ID,CAPACIDAD,CONSUMO,DISPONIBLE,LLEGADA_CLIENTE,TIPO,RESERVA_ID,HOTEL_ID) VALUES (17928381699,3,0,1,0,1,'NULL',55972974299);
INSERT INTO HABITACION (ID,CAPACIDAD,CONSUMO,DISPONIBLE,LLEGADA_CLIENTE,TIPO,RESERVA_ID,HOTEL_ID) VALUES (88456803799,4,0,0,0,2,'NULL',55972974299);
INSERT INTO HABITACION (ID,CAPACIDAD,CONSUMO,DISPONIBLE,LLEGADA_CLIENTE,TIPO,RESERVA_ID,HOTEL_ID) VALUES (24536841699,8,0,1,0,2,'NULL',55972974299);
INSERT INTO HABITACION (ID,CAPACIDAD,CONSUMO,DISPONIBLE,LLEGADA_CLIENTE,TIPO,RESERVA_ID,HOTEL_ID) VALUES (88525499399,6,0,0,0,2,'NULL',46931651399);
INSERT INTO HABITACION (ID,CAPACIDAD,CONSUMO,DISPONIBLE,LLEGADA_CLIENTE,TIPO,RESERVA_ID,HOTEL_ID) VALUES (94688199599,6,0,1,0,2,'NULL',46931651399);
INSERT INTO HABITACION (ID,CAPACIDAD,CONSUMO,DISPONIBLE,LLEGADA_CLIENTE,TIPO,RESERVA_ID,HOTEL_ID) VALUES (93908901499,3,0,0,0,5,'NULL',46931651399);
INSERT INTO HABITACION (ID,CAPACIDAD,CONSUMO,DISPONIBLE,LLEGADA_CLIENTE,TIPO,RESERVA_ID,HOTEL_ID) VALUES (91346746399,2,0,1,0,3,'NULL',46931651399);
INSERT INTO HABITACION (ID,CAPACIDAD,CONSUMO,DISPONIBLE,LLEGADA_CLIENTE,TIPO,RESERVA_ID,HOTEL_ID) VALUES (02494985199,4,0,0,0,4,'NULL',46931651399);
INSERT INTO HABITACION (ID,CAPACIDAD,CONSUMO,DISPONIBLE,LLEGADA_CLIENTE,TIPO,RESERVA_ID,HOTEL_ID) VALUES (26815285199,2,0,1,0,1,'NULL',79294302099);
INSERT INTO HABITACION (ID,CAPACIDAD,CONSUMO,DISPONIBLE,LLEGADA_CLIENTE,TIPO,RESERVA_ID,HOTEL_ID) VALUES (61524010299,7,0,0,0,4,'NULL',79294302099);
INSERT INTO HABITACION (ID,CAPACIDAD,CONSUMO,DISPONIBLE,LLEGADA_CLIENTE,TIPO,RESERVA_ID,HOTEL_ID) VALUES (89373628799,4,0,1,0,4,'NULL',79294302099);
INSERT INTO HABITACION (ID,CAPACIDAD,CONSUMO,DISPONIBLE,LLEGADA_CLIENTE,TIPO,RESERVA_ID,HOTEL_ID) VALUES (65391384999,6,0,0,0,4,'NULL',79294302099);
INSERT INTO HABITACION (ID,CAPACIDAD,CONSUMO,DISPONIBLE,LLEGADA_CLIENTE,TIPO,RESERVA_ID,HOTEL_ID) VALUES (08448943999,4,0,1,0,5,'NULL',79294302099);
INSERT INTO HABITACION (ID,CAPACIDAD,CONSUMO,DISPONIBLE,LLEGADA_CLIENTE,TIPO,RESERVA_ID,HOTEL_ID) VALUES (65368129099,6,0,0,0,1,'NULL',46882203999);
INSERT INTO HABITACION (ID,CAPACIDAD,CONSUMO,DISPONIBLE,LLEGADA_CLIENTE,TIPO,RESERVA_ID,HOTEL_ID) VALUES (30999089699,3,0,1,0,4,'NULL',46882203999);
INSERT INTO HABITACION (ID,CAPACIDAD,CONSUMO,DISPONIBLE,LLEGADA_CLIENTE,TIPO,RESERVA_ID,HOTEL_ID) VALUES (27526142499,5,0,0,0,2,'NULL',46882203999);
INSERT INTO HABITACION (ID,CAPACIDAD,CONSUMO,DISPONIBLE,LLEGADA_CLIENTE,TIPO,RESERVA_ID,HOTEL_ID) VALUES (44373750299,2,0,1,0,2,'NULL',46882203999);
INSERT INTO HABITACION (ID,CAPACIDAD,CONSUMO,DISPONIBLE,LLEGADA_CLIENTE,TIPO,RESERVA_ID,HOTEL_ID) VALUES (50560129699,3,0,0,0,4,'NULL',46882203999);
INSERT INTO HABITACION (ID,CAPACIDAD,CONSUMO,DISPONIBLE,LLEGADA_CLIENTE,TIPO,RESERVA_ID,HOTEL_ID) VALUES (58585468799,2,0,1,0,1,'NULL',89973308199);
INSERT INTO HABITACION (ID,CAPACIDAD,CONSUMO,DISPONIBLE,LLEGADA_CLIENTE,TIPO,RESERVA_ID,HOTEL_ID) VALUES (80911345999,3,0,0,0,2,'NULL',89973308199);
INSERT INTO HABITACION (ID,CAPACIDAD,CONSUMO,DISPONIBLE,LLEGADA_CLIENTE,TIPO,RESERVA_ID,HOTEL_ID) VALUES (38997262299,8,0,1,0,3,'NULL',89973308199);
INSERT INTO HABITACION (ID,CAPACIDAD,CONSUMO,DISPONIBLE,LLEGADA_CLIENTE,TIPO,RESERVA_ID,HOTEL_ID) VALUES (43923119499,2,0,0,0,3,'NULL',89973308199);
INSERT INTO HABITACION (ID,CAPACIDAD,CONSUMO,DISPONIBLE,LLEGADA_CLIENTE,TIPO,RESERVA_ID,HOTEL_ID) VALUES (18459143799,7,0,1,0,3,'NULL',89973308199);
INSERT INTO HABITACION (ID,CAPACIDAD,CONSUMO,DISPONIBLE,LLEGADA_CLIENTE,TIPO,RESERVA_ID,HOTEL_ID) VALUES (89749197299,6,0,0,0,4,'NULL',55972974299);
INSERT INTO HABITACION (ID,CAPACIDAD,CONSUMO,DISPONIBLE,LLEGADA_CLIENTE,TIPO,RESERVA_ID,HOTEL_ID) VALUES (41747425899,2,0,1,0,5,'NULL',55972974299);
INSERT INTO HABITACION (ID,CAPACIDAD,CONSUMO,DISPONIBLE,LLEGADA_CLIENTE,TIPO,RESERVA_ID,HOTEL_ID) VALUES (73286556199,6,0,0,0,2,'NULL',55972974299);
INSERT INTO HABITACION (ID,CAPACIDAD,CONSUMO,DISPONIBLE,LLEGADA_CLIENTE,TIPO,RESERVA_ID,HOTEL_ID) VALUES (27732190599,4,0,1,0,4,'NULL',55972974299);
INSERT INTO HABITACION (ID,CAPACIDAD,CONSUMO,DISPONIBLE,LLEGADA_CLIENTE,TIPO,RESERVA_ID,HOTEL_ID) VALUES (80899172299,8,0,0,0,2,'NULL',55972974299);
INSERT INTO HABITACION (ID,CAPACIDAD,CONSUMO,DISPONIBLE,LLEGADA_CLIENTE,TIPO,RESERVA_ID,HOTEL_ID) VALUES (92992235699,3,0,1,0,5,'NULL',46931651399);
INSERT INTO HABITACION (ID,CAPACIDAD,CONSUMO,DISPONIBLE,LLEGADA_CLIENTE,TIPO,RESERVA_ID,HOTEL_ID) VALUES (22474118499,8,0,0,0,1,'NULL',46931651399);
INSERT INTO HABITACION (ID,CAPACIDAD,CONSUMO,DISPONIBLE,LLEGADA_CLIENTE,TIPO,RESERVA_ID,HOTEL_ID) VALUES (07607375899,6,0,1,0,3,'NULL',46931651399);
INSERT INTO HABITACION (ID,CAPACIDAD,CONSUMO,DISPONIBLE,LLEGADA_CLIENTE,TIPO,RESERVA_ID,HOTEL_ID) VALUES (10426846899,2,0,0,0,2,'NULL',46931651399);
INSERT INTO HABITACION (ID,CAPACIDAD,CONSUMO,DISPONIBLE,LLEGADA_CLIENTE,TIPO,RESERVA_ID,HOTEL_ID) VALUES (39946475499,3,0,1,0,4,'NULL',46931651399);
INSERT INTO HABITACION (ID,CAPACIDAD,CONSUMO,DISPONIBLE,LLEGADA_CLIENTE,TIPO,RESERVA_ID,HOTEL_ID) VALUES (31230809399,6,0,0,0,3,'NULL',79294302099);
INSERT INTO HABITACION (ID,CAPACIDAD,CONSUMO,DISPONIBLE,LLEGADA_CLIENTE,TIPO,RESERVA_ID,HOTEL_ID) VALUES (03961253799,5,0,1,0,4,'NULL',79294302099);
INSERT INTO HABITACION (ID,CAPACIDAD,CONSUMO,DISPONIBLE,LLEGADA_CLIENTE,TIPO,RESERVA_ID,HOTEL_ID) VALUES (07584057399,6,0,0,0,2,'NULL',79294302099);
INSERT INTO HABITACION (ID,CAPACIDAD,CONSUMO,DISPONIBLE,LLEGADA_CLIENTE,TIPO,RESERVA_ID,HOTEL_ID) VALUES (54446046899,2,0,1,0,5,'NULL',79294302099);
INSERT INTO HABITACION (ID,CAPACIDAD,CONSUMO,DISPONIBLE,LLEGADA_CLIENTE,TIPO,RESERVA_ID,HOTEL_ID) VALUES (27990667999,4,0,0,0,3,'NULL',79294302099);
INSERT INTO HABITACION (ID,CAPACIDAD,CONSUMO,DISPONIBLE,LLEGADA_CLIENTE,TIPO,RESERVA_ID,HOTEL_ID) VALUES (73418024399,2,0,1,0,5,'NULL',46882203999);
INSERT INTO HABITACION (ID,CAPACIDAD,CONSUMO,DISPONIBLE,LLEGADA_CLIENTE,TIPO,RESERVA_ID,HOTEL_ID) VALUES (69485081799,6,0,0,0,2,'NULL',46882203999);
INSERT INTO HABITACION (ID,CAPACIDAD,CONSUMO,DISPONIBLE,LLEGADA_CLIENTE,TIPO,RESERVA_ID,HOTEL_ID) VALUES (70254846599,8,0,1,0,3,'NULL',46882203999);
INSERT INTO HABITACION (ID,CAPACIDAD,CONSUMO,DISPONIBLE,LLEGADA_CLIENTE,TIPO,RESERVA_ID,HOTEL_ID) VALUES (31239909399,8,0,0,0,5,'NULL',46882203999);
INSERT INTO HABITACION (ID,CAPACIDAD,CONSUMO,DISPONIBLE,LLEGADA_CLIENTE,TIPO,RESERVA_ID,HOTEL_ID) VALUES (50753340599,4,0,1,0,1,'NULL',46882203999);
INSERT INTO HABITACION (ID,CAPACIDAD,CONSUMO,DISPONIBLE,LLEGADA_CLIENTE,TIPO,RESERVA_ID,HOTEL_ID) VALUES (34871608299,5,0,0,0,1,'NULL',89973308199);
INSERT INTO HABITACION (ID,CAPACIDAD,CONSUMO,DISPONIBLE,LLEGADA_CLIENTE,TIPO,RESERVA_ID,HOTEL_ID) VALUES (45391679799,6,0,1,0,5,'NULL',89973308199);
INSERT INTO HABITACION (ID,CAPACIDAD,CONSUMO,DISPONIBLE,LLEGADA_CLIENTE,TIPO,RESERVA_ID,HOTEL_ID) VALUES (84572635199,3,0,0,0,2,'NULL',89973308199);
INSERT INTO HABITACION (ID,CAPACIDAD,CONSUMO,DISPONIBLE,LLEGADA_CLIENTE,TIPO,RESERVA_ID,HOTEL_ID) VALUES (48267461099,6,0,1,0,2,'NULL',89973308199);
INSERT INTO HABITACION (ID,CAPACIDAD,CONSUMO,DISPONIBLE,LLEGADA_CLIENTE,TIPO,RESERVA_ID,HOTEL_ID) VALUES (05964776699,5,0,0,0,4,'NULL',89973308199);
INSERT INTO HABITACION (ID,CAPACIDAD,CONSUMO,DISPONIBLE,LLEGADA_CLIENTE,TIPO,RESERVA_ID,HOTEL_ID) VALUES (38576811599,4,0,1,0,3,'NULL',55972974299);
INSERT INTO HABITACION (ID,CAPACIDAD,CONSUMO,DISPONIBLE,LLEGADA_CLIENTE,TIPO,RESERVA_ID,HOTEL_ID) VALUES (24609558499,4,0,0,0,2,'NULL',55972974299);
INSERT INTO HABITACION (ID,CAPACIDAD,CONSUMO,DISPONIBLE,LLEGADA_CLIENTE,TIPO,RESERVA_ID,HOTEL_ID) VALUES (44580785399,5,0,1,0,3,'NULL',55972974299);
INSERT INTO HABITACION (ID,CAPACIDAD,CONSUMO,DISPONIBLE,LLEGADA_CLIENTE,TIPO,RESERVA_ID,HOTEL_ID) VALUES (98956103199,5,0,0,0,4,'NULL',55972974299);
INSERT INTO HABITACION (ID,CAPACIDAD,CONSUMO,DISPONIBLE,LLEGADA_CLIENTE,TIPO,RESERVA_ID,HOTEL_ID) VALUES (95803844599,5,0,1,0,4,'NULL',55972974299);
INSERT INTO HABITACION (ID,CAPACIDAD,CONSUMO,DISPONIBLE,LLEGADA_CLIENTE,TIPO,RESERVA_ID,HOTEL_ID) VALUES (85819840599,6,0,0,0,2,'NULL',46931651399);
INSERT INTO HABITACION (ID,CAPACIDAD,CONSUMO,DISPONIBLE,LLEGADA_CLIENTE,TIPO,RESERVA_ID,HOTEL_ID) VALUES (16423278199,4,0,1,0,1,'NULL',46931651399);
INSERT INTO HABITACION (ID,CAPACIDAD,CONSUMO,DISPONIBLE,LLEGADA_CLIENTE,TIPO,RESERVA_ID,HOTEL_ID) VALUES (04401546699,5,0,0,0,4,'NULL',46931651399);
INSERT INTO HABITACION (ID,CAPACIDAD,CONSUMO,DISPONIBLE,LLEGADA_CLIENTE,TIPO,RESERVA_ID,HOTEL_ID) VALUES (61743982599,5,0,1,0,5,'NULL',46931651399);
INSERT INTO HABITACION (ID,CAPACIDAD,CONSUMO,DISPONIBLE,LLEGADA_CLIENTE,TIPO,RESERVA_ID,HOTEL_ID) VALUES (00608427399,2,0,0,0,2,'NULL',46931651399);
INSERT INTO HABITACION (ID,CAPACIDAD,CONSUMO,DISPONIBLE,LLEGADA_CLIENTE,TIPO,RESERVA_ID,HOTEL_ID) VALUES (67819672299,1,0,1,0,1,'NULL',79294302099);
INSERT INTO HABITACION (ID,CAPACIDAD,CONSUMO,DISPONIBLE,LLEGADA_CLIENTE,TIPO,RESERVA_ID,HOTEL_ID) VALUES (97512536899,5,0,0,0,4,'NULL',79294302099);
INSERT INTO HABITACION (ID,CAPACIDAD,CONSUMO,DISPONIBLE,LLEGADA_CLIENTE,TIPO,RESERVA_ID,HOTEL_ID) VALUES (62450009899,2,0,1,0,4,'NULL',79294302099);
INSERT INTO HABITACION (ID,CAPACIDAD,CONSUMO,DISPONIBLE,LLEGADA_CLIENTE,TIPO,RESERVA_ID,HOTEL_ID) VALUES (89364288499,8,0,0,0,4,'NULL',79294302099);
INSERT INTO HABITACION (ID,CAPACIDAD,CONSUMO,DISPONIBLE,LLEGADA_CLIENTE,TIPO,RESERVA_ID,HOTEL_ID) VALUES (54865639099,8,0,1,0,3,'NULL',79294302099);
INSERT INTO HABITACION (ID,CAPACIDAD,CONSUMO,DISPONIBLE,LLEGADA_CLIENTE,TIPO,RESERVA_ID,HOTEL_ID) VALUES (81915495999,6,0,0,0,4,'NULL',46882203999);
INSERT INTO HABITACION (ID,CAPACIDAD,CONSUMO,DISPONIBLE,LLEGADA_CLIENTE,TIPO,RESERVA_ID,HOTEL_ID) VALUES (20675435999,5,0,1,0,4,'NULL',46882203999);
INSERT INTO HABITACION (ID,CAPACIDAD,CONSUMO,DISPONIBLE,LLEGADA_CLIENTE,TIPO,RESERVA_ID,HOTEL_ID) VALUES (57347662999,5,0,0,0,3,'NULL',46882203999);
INSERT INTO HABITACION (ID,CAPACIDAD,CONSUMO,DISPONIBLE,LLEGADA_CLIENTE,TIPO,RESERVA_ID,HOTEL_ID) VALUES (58777624299,6,0,1,0,5,'NULL',46882203999);
INSERT INTO HABITACION (ID,CAPACIDAD,CONSUMO,DISPONIBLE,LLEGADA_CLIENTE,TIPO,RESERVA_ID,HOTEL_ID) VALUES (21629134299,5,0,0,0,4,'NULL',46882203999);
INSERT INTO HABITACION (ID,CAPACIDAD,CONSUMO,DISPONIBLE,LLEGADA_CLIENTE,TIPO,RESERVA_ID,HOTEL_ID) VALUES (75397301399,1,0,1,0,3,'NULL',89973308199);
INSERT INTO HABITACION (ID,CAPACIDAD,CONSUMO,DISPONIBLE,LLEGADA_CLIENTE,TIPO,RESERVA_ID,HOTEL_ID) VALUES (72632955799,2,0,0,0,5,'NULL',89973308199);
INSERT INTO HABITACION (ID,CAPACIDAD,CONSUMO,DISPONIBLE,LLEGADA_CLIENTE,TIPO,RESERVA_ID,HOTEL_ID) VALUES (87508678699,1,0,1,0,5,'NULL',89973308199);
INSERT INTO HABITACION (ID,CAPACIDAD,CONSUMO,DISPONIBLE,LLEGADA_CLIENTE,TIPO,RESERVA_ID,HOTEL_ID) VALUES (89692375999,7,0,0,0,2,'NULL',89973308199);
INSERT INTO HABITACION (ID,CAPACIDAD,CONSUMO,DISPONIBLE,LLEGADA_CLIENTE,TIPO,RESERVA_ID,HOTEL_ID) VALUES (65648545399,5,0,1,0,4,'NULL',89973308199);
INSERT INTO HABITACION (ID,CAPACIDAD,CONSUMO,DISPONIBLE,LLEGADA_CLIENTE,TIPO,RESERVA_ID,HOTEL_ID) VALUES (43793029599,3,0,0,0,4,'NULL',55972974299);
INSERT INTO HABITACION (ID,CAPACIDAD,CONSUMO,DISPONIBLE,LLEGADA_CLIENTE,TIPO,RESERVA_ID,HOTEL_ID) VALUES (29346819299,2,0,1,0,1,'NULL',55972974299);
INSERT INTO HABITACION (ID,CAPACIDAD,CONSUMO,DISPONIBLE,LLEGADA_CLIENTE,TIPO,RESERVA_ID,HOTEL_ID) VALUES (39882795699,5,0,0,0,3,'NULL',55972974299);
INSERT INTO HABITACION (ID,CAPACIDAD,CONSUMO,DISPONIBLE,LLEGADA_CLIENTE,TIPO,RESERVA_ID,HOTEL_ID) VALUES (31632899699,4,0,1,0,2,'NULL',55972974299);
INSERT INTO HABITACION (ID,CAPACIDAD,CONSUMO,DISPONIBLE,LLEGADA_CLIENTE,TIPO,RESERVA_ID,HOTEL_ID) VALUES (74319609099,2,0,0,0,1,'NULL',55972974299);
INSERT INTO HABITACION (ID,CAPACIDAD,CONSUMO,DISPONIBLE,LLEGADA_CLIENTE,TIPO,RESERVA_ID,HOTEL_ID) VALUES (47889778399,4,0,1,0,2,'NULL',46931651399);
INSERT INTO HABITACION (ID,CAPACIDAD,CONSUMO,DISPONIBLE,LLEGADA_CLIENTE,TIPO,RESERVA_ID,HOTEL_ID) VALUES (21947625899,1,0,0,0,4,'NULL',46931651399);
INSERT INTO HABITACION (ID,CAPACIDAD,CONSUMO,DISPONIBLE,LLEGADA_CLIENTE,TIPO,RESERVA_ID,HOTEL_ID) VALUES (66317643199,4,0,1,0,4,'NULL',46931651399);
INSERT INTO HABITACION (ID,CAPACIDAD,CONSUMO,DISPONIBLE,LLEGADA_CLIENTE,TIPO,RESERVA_ID,HOTEL_ID) VALUES (01231142599,2,0,0,0,2,'NULL',46931651399);
INSERT INTO HABITACION (ID,CAPACIDAD,CONSUMO,DISPONIBLE,LLEGADA_CLIENTE,TIPO,RESERVA_ID,HOTEL_ID) VALUES (23757217999,6,0,1,0,5,'NULL',46931651399);
INSERT INTO HABITACION (ID,CAPACIDAD,CONSUMO,DISPONIBLE,LLEGADA_CLIENTE,TIPO,RESERVA_ID,HOTEL_ID) VALUES (68948290799,8,0,0,0,4,'NULL',79294302099);
INSERT INTO HABITACION (ID,CAPACIDAD,CONSUMO,DISPONIBLE,LLEGADA_CLIENTE,TIPO,RESERVA_ID,HOTEL_ID) VALUES (27663305999,3,0,1,0,3,'NULL',79294302099);
INSERT INTO HABITACION (ID,CAPACIDAD,CONSUMO,DISPONIBLE,LLEGADA_CLIENTE,TIPO,RESERVA_ID,HOTEL_ID) VALUES (13706959599,5,0,0,0,4,'NULL',79294302099);
INSERT INTO HABITACION (ID,CAPACIDAD,CONSUMO,DISPONIBLE,LLEGADA_CLIENTE,TIPO,RESERVA_ID,HOTEL_ID) VALUES (88593038199,7,0,1,0,3,'NULL',79294302099);
INSERT INTO HABITACION (ID,CAPACIDAD,CONSUMO,DISPONIBLE,LLEGADA_CLIENTE,TIPO,RESERVA_ID,HOTEL_ID) VALUES (68202401499,3,0,0,0,4,'NULL',79294302099);
INSERT INTO HABITACION (ID,CAPACIDAD,CONSUMO,DISPONIBLE,LLEGADA_CLIENTE,TIPO,RESERVA_ID,HOTEL_ID) VALUES (44640989499,5,0,1,0,2,'NULL',46882203999);
INSERT INTO HABITACION (ID,CAPACIDAD,CONSUMO,DISPONIBLE,LLEGADA_CLIENTE,TIPO,RESERVA_ID,HOTEL_ID) VALUES (96381660199,2,0,0,0,2,'NULL',46882203999);
INSERT INTO HABITACION (ID,CAPACIDAD,CONSUMO,DISPONIBLE,LLEGADA_CLIENTE,TIPO,RESERVA_ID,HOTEL_ID) VALUES (87732966799,7,0,1,0,4,'NULL',46882203999);
INSERT INTO HABITACION (ID,CAPACIDAD,CONSUMO,DISPONIBLE,LLEGADA_CLIENTE,TIPO,RESERVA_ID,HOTEL_ID) VALUES (12856093799,6,0,0,0,4,'NULL',46882203999);
INSERT INTO HABITACION (ID,CAPACIDAD,CONSUMO,DISPONIBLE,LLEGADA_CLIENTE,TIPO,RESERVA_ID,HOTEL_ID) VALUES (39658903299,2,0,1,0,4,'NULL',46882203999);
COMMIT;

--RESERVAS
UPDATE HABITACION SET RESERVA_ID = '73539596099' WHERE ID = '12856093799';
INSERT INTO RESERVA (ID,FECHA_ENTRADA,FECHA_SALIDA,NUMERO_PERSONAS,PLAN_PAGO,HABITACION_ID) VALUES ('73539596099', 'JAN 1, 2018', 'JAN 3, 2018', 4, NULL, '12856093799');
COMMIT;

--USUARIOS DEL HOTEL
--HOTEL 1 89973308199
INSERT INTO USUARIO (TIPO_DOCUMENTO,DOCUMENTO,NOMBRE,CORREO,LOGIN,CLAVE,TIPO,RESERVA_SERVICIO_ID) VALUES ('CC',8016228212,'Chan','placerat.Cras@sem.edu','nrgdqbhpsclun2823','KIM49FSR5UB','GERENTE', NULL);
INSERT INTO USUARIO (TIPO_DOCUMENTO,DOCUMENTO,NOMBRE,CORREO,LOGIN,CLAVE,TIPO,RESERVA_SERVICIO_ID) VALUES ('CC',9247710129,'Glenn','neque@consectetueradipiscingelit.ca','xfslasutqvnfq8327','GVN14DIX3OH','ADMINISTRADOR', NULL);
INSERT INTO USUARIO (TIPO_DOCUMENTO,DOCUMENTO,NOMBRE,CORREO,LOGIN,CLAVE,TIPO,RESERVA_SERVICIO_ID) VALUES ('CC',2547993652,'Price','Proin.dolor.Nulla@Nullafacilisis.co.uk','crfpvowzxzghb6173','FUC88DSQ5MM','RECEPCIONISTA', NULL);
INSERT INTO USUARIO (TIPO_DOCUMENTO,DOCUMENTO,NOMBRE,CORREO,LOGIN,CLAVE,TIPO,RESERVA_SERVICIO_ID) VALUES ('CC',9292845421,'Hahn','nunc@Duisac.com','inurlmlcxozni6178','PHI41WUZ9EK','RECEPCIONISTA', NULL);
INSERT INTO USUARIO (TIPO_DOCUMENTO,DOCUMENTO,NOMBRE,CORREO,LOGIN,CLAVE,TIPO,RESERVA_SERVICIO_ID) VALUES ('CC',6635457790,'August','at.fringilla@consectetueradipiscingelit.co.uk','uwqmpnzrqvmiy5209','YWQ29ILS7BO','EMPLEADO', NULL);
INSERT INTO USUARIO (TIPO_DOCUMENTO,DOCUMENTO,NOMBRE,CORREO,LOGIN,CLAVE,TIPO,RESERVA_SERVICIO_ID) VALUES ('CC',5216224872,'Medge','ullamcorper@orciadipiscingnon.co.uk','cxchysgjvimuz6631','NTE44UCG9UU','EMPLEADO', NULL);
INSERT INTO USUARIO (TIPO_DOCUMENTO,DOCUMENTO,NOMBRE,CORREO,LOGIN,CLAVE,TIPO,RESERVA_SERVICIO_ID) VALUES ('CC',2794460129,'Charissa','nec.urna@cursus.net','krouvjrtahkxx1422','LMH45OKW6OZ','EMPLEADO', NULL);
INSERT INTO USUARIO (TIPO_DOCUMENTO,DOCUMENTO,NOMBRE,CORREO,LOGIN,CLAVE,TIPO,RESERVA_SERVICIO_ID) VALUES ('CC',4136106397,'Kennan','non.luctus@sodales.ca','dyoblqfpqkxag8289','PVX79PGH2AC','EMPLEADO', NULL);
INSERT INTO USUARIO (TIPO_DOCUMENTO,DOCUMENTO,NOMBRE,CORREO,LOGIN,CLAVE,TIPO,RESERVA_SERVICIO_ID) VALUES ('CC',7699281087,'Tanner','sit@etultrices.net','ebdfumdrysebw8585','BJQ68VWC8QU','CLIENTE', NULL);
INSERT INTO USUARIO (TIPO_DOCUMENTO,DOCUMENTO,NOMBRE,CORREO,LOGIN,CLAVE,TIPO,RESERVA_SERVICIO_ID) VALUES ('CC',9367848643,'Bowers','mauris.a@iaculisenim.co.uk','ubllnskvwbzqt1567','CJC38BOE3EI','CLIENTE', NULL);
INSERT INTO USUARIO (TIPO_DOCUMENTO,DOCUMENTO,NOMBRE,CORREO,LOGIN,CLAVE,TIPO,RESERVA_SERVICIO_ID) VALUES ('CC',1530184096,'Hadley','mi@velitdui.com','cgdnofkpdfgtd0520','VJO60GDS5LH','CLIENTE', NULL);
INSERT INTO USUARIO (TIPO_DOCUMENTO,DOCUMENTO,NOMBRE,CORREO,LOGIN,CLAVE,TIPO,RESERVA_SERVICIO_ID) VALUES ('CC',8675704372,'Darius','eu@malesuadafames.com','tvvassyyqgezw5033','XKX91FGZ5JS','CLIENTE', NULL);
COMMIT;

INSERT INTO EMPLEADOS (EMPLEADO_TIP_DOC,EMPLEADO_DOC,HOTEL_ID) VALUES ('CC','8016228212','89973308199');
INSERT INTO EMPLEADOS (EMPLEADO_TIP_DOC,EMPLEADO_DOC,HOTEL_ID) VALUES ('CC','9247710129','89973308199');
INSERT INTO EMPLEADOS (EMPLEADO_TIP_DOC,EMPLEADO_DOC,HOTEL_ID) VALUES ('CC','2547993652','89973308199');
INSERT INTO EMPLEADOS (EMPLEADO_TIP_DOC,EMPLEADO_DOC,HOTEL_ID) VALUES ('CC','9292845421','89973308199');
INSERT INTO EMPLEADOS (EMPLEADO_TIP_DOC,EMPLEADO_DOC,HOTEL_ID) VALUES ('CC','6635457790','89973308199');
INSERT INTO EMPLEADOS (EMPLEADO_TIP_DOC,EMPLEADO_DOC,HOTEL_ID) VALUES ('CC','5216224872','89973308199');
INSERT INTO EMPLEADOS (EMPLEADO_TIP_DOC,EMPLEADO_DOC,HOTEL_ID) VALUES ('CC','2794460129','89973308199');
INSERT INTO EMPLEADOS (EMPLEADO_TIP_DOC,EMPLEADO_DOC,HOTEL_ID) VALUES ('CC','4136106397','89973308199');
COMMIT;

--HOTEL 2 55972974299
INSERT INTO USUARIO (TIPO_DOCUMENTO,DOCUMENTO,NOMBRE,CORREO,LOGIN,CLAVE,TIPO,RESERVA_SERVICIO_ID) VALUES ('CC',4628982570,'Hernandez','orci.sem@Namporttitorscelerisque.com','pnngojyeftblo0440','LFA64BFB5LR','GERENTE', NULL);
INSERT INTO USUARIO (TIPO_DOCUMENTO,DOCUMENTO,NOMBRE,CORREO,LOGIN,CLAVE,TIPO,RESERVA_SERVICIO_ID) VALUES ('CC',7665828500,'Bryan','leo@suscipitestac.edu','wxozsjjzpslot3564','OBE58HDH7GN','ADMINISTRADOR', NULL);
INSERT INTO USUARIO (TIPO_DOCUMENTO,DOCUMENTO,NOMBRE,CORREO,LOGIN,CLAVE,TIPO,RESERVA_SERVICIO_ID) VALUES ('CC',9161121566,'Espinoza','Phasellus@aarcu.edu','slpaootvtsnef5366','AOG16TJO2RU','RECEPCIONISTA', NULL);
INSERT INTO USUARIO (TIPO_DOCUMENTO,DOCUMENTO,NOMBRE,CORREO,LOGIN,CLAVE,TIPO,RESERVA_SERVICIO_ID) VALUES ('CC',4490999454,'Driscoll','purus.ac.tellus@ullamcorperDuiscursus.ca','mrnkbpzjmxdhl9440','UIG51RRH2FN','RECEPCIONISTA', NULL);
INSERT INTO USUARIO (TIPO_DOCUMENTO,DOCUMENTO,NOMBRE,CORREO,LOGIN,CLAVE,TIPO,RESERVA_SERVICIO_ID) VALUES ('CC',2547606677,'Cabrera','ante@et.ca','ecblhxyusmvur4491','JBG57IIQ7UM','EMPLEADO', NULL);
INSERT INTO USUARIO (TIPO_DOCUMENTO,DOCUMENTO,NOMBRE,CORREO,LOGIN,CLAVE,TIPO,RESERVA_SERVICIO_ID) VALUES ('CC',3145475609,'Mcintyre','semper.egestas.urna@nonvestibulumnec.co.uk','kmjjgphlqouet8336','MXL99JDJ1LC','EMPLEADO', NULL);
INSERT INTO USUARIO (TIPO_DOCUMENTO,DOCUMENTO,NOMBRE,CORREO,LOGIN,CLAVE,TIPO,RESERVA_SERVICIO_ID) VALUES ('CC',9012791464,'Olsen','Aliquam.erat@interdumligula.edu','avodjiiltsoym4109','OWI40PVZ8AH','EMPLEADO', NULL);
INSERT INTO USUARIO (TIPO_DOCUMENTO,DOCUMENTO,NOMBRE,CORREO,LOGIN,CLAVE,TIPO,RESERVA_SERVICIO_ID) VALUES ('CC',2511147577,'Mcintyre','iaculis.enim.sit@CurabiturmassaVestibulum.ca','ovkcyubkgrchz8134','YIH95CJN2UF','EMPLEADO', NULL);
INSERT INTO USUARIO (TIPO_DOCUMENTO,DOCUMENTO,NOMBRE,CORREO,LOGIN,CLAVE,TIPO,RESERVA_SERVICIO_ID) VALUES ('CC',7236611284,'Berk','interdum@id.net','irmysdagrwjwj2086','HGK97CVK7JN','CLIENTE', NULL);
INSERT INTO USUARIO (TIPO_DOCUMENTO,DOCUMENTO,NOMBRE,CORREO,LOGIN,CLAVE,TIPO,RESERVA_SERVICIO_ID) VALUES ('CC',8179417283,'Howe','tempus.scelerisque.lorem@Praesent.org','cqcfppjbhponh6278','XYK87AKQ9DO','CLIENTE', NULL);
INSERT INTO USUARIO (TIPO_DOCUMENTO,DOCUMENTO,NOMBRE,CORREO,LOGIN,CLAVE,TIPO,RESERVA_SERVICIO_ID) VALUES ('CC',8477094414,'Zenaida','pede.Cras@vulputatenisisem.net','kwmylugptkcbr5440','KAR76VRP1XT','CLIENTE', NULL);
INSERT INTO USUARIO (TIPO_DOCUMENTO,DOCUMENTO,NOMBRE,CORREO,LOGIN,CLAVE,TIPO,RESERVA_SERVICIO_ID) VALUES ('CC',2329928777,'Knox','magna.a.neque@dui.com','mpmjwrwkqwrky9167','YIC43CJJ8IL','CLIENTE', NULL);
COMMIT;

INSERT INTO EMPLEADOS (EMPLEADO_TIP_DOC,EMPLEADO_DOC,HOTEL_ID) VALUES ('CC','4628982570','55972974299');
INSERT INTO EMPLEADOS (EMPLEADO_TIP_DOC,EMPLEADO_DOC,HOTEL_ID) VALUES ('CC','7665828500','55972974299');
INSERT INTO EMPLEADOS (EMPLEADO_TIP_DOC,EMPLEADO_DOC,HOTEL_ID) VALUES ('CC','9161121566','55972974299');
INSERT INTO EMPLEADOS (EMPLEADO_TIP_DOC,EMPLEADO_DOC,HOTEL_ID) VALUES ('CC','4490999454','55972974299');
INSERT INTO EMPLEADOS (EMPLEADO_TIP_DOC,EMPLEADO_DOC,HOTEL_ID) VALUES ('CC','2547606677','55972974299');
INSERT INTO EMPLEADOS (EMPLEADO_TIP_DOC,EMPLEADO_DOC,HOTEL_ID) VALUES ('CC','3145475609','55972974299');
INSERT INTO EMPLEADOS (EMPLEADO_TIP_DOC,EMPLEADO_DOC,HOTEL_ID) VALUES ('CC','9012791464','55972974299');
INSERT INTO EMPLEADOS (EMPLEADO_TIP_DOC,EMPLEADO_DOC,HOTEL_ID) VALUES ('CC','2511147577','55972974299');
COMMIT;

--HOTEL 3 46931651399
INSERT INTO USUARIO (TIPO_DOCUMENTO,DOCUMENTO,NOMBRE,CORREO,LOGIN,CLAVE,TIPO,RESERVA_SERVICIO_ID) VALUES ('CC',3438814887,'Eugenia','taciti@tempor.org','qumijpijhvull4126','VDV33YKR3WV','GERENTE', NULL);
INSERT INTO USUARIO (TIPO_DOCUMENTO,DOCUMENTO,NOMBRE,CORREO,LOGIN,CLAVE,TIPO,RESERVA_SERVICIO_ID) VALUES ('CC',8651580681,'Carl','pharetra.nibh.Aliquam@vitaepurusgravida.com','pyqlzdgzvhxnz9284','IJY81BXD6FN','ADMINISTRADOR', NULL);
INSERT INTO USUARIO (TIPO_DOCUMENTO,DOCUMENTO,NOMBRE,CORREO,LOGIN,CLAVE,TIPO,RESERVA_SERVICIO_ID) VALUES ('CC',5309117024,'Serina','nunc.est.mollis@disparturient.org','xjfqoanuuhwys4296','QGI01UBK4EG','RECEPCIONISTA', NULL);
INSERT INTO USUARIO (TIPO_DOCUMENTO,DOCUMENTO,NOMBRE,CORREO,LOGIN,CLAVE,TIPO,RESERVA_SERVICIO_ID) VALUES ('CC',8982479610,'Daugherty','sit.amet@idblanditat.net','iwodkvqqnilsb3857','BOS15YTE3WQ','RECEPCIONISTA', NULL);
INSERT INTO USUARIO (TIPO_DOCUMENTO,DOCUMENTO,NOMBRE,CORREO,LOGIN,CLAVE,TIPO,RESERVA_SERVICIO_ID) VALUES ('CC',3579992204,'Holcomb','magna.Sed@dictum.edu','qakxvtxtxjxcs4922','PVV43CTK2XV','EMPLEADO', NULL);
INSERT INTO USUARIO (TIPO_DOCUMENTO,DOCUMENTO,NOMBRE,CORREO,LOGIN,CLAVE,TIPO,RESERVA_SERVICIO_ID) VALUES ('CC',6414813677,'Gail','nisi@in.com','qngpwktshzmni1001','REI58YQR5WG','EMPLEADO', NULL);
INSERT INTO USUARIO (TIPO_DOCUMENTO,DOCUMENTO,NOMBRE,CORREO,LOGIN,CLAVE,TIPO,RESERVA_SERVICIO_ID) VALUES ('CC',5358744299,'Delaney','natoque.penatibus@risusquis.ca','xosmtlzhogbxf3867','DAR78QUB0TZ','EMPLEADO', NULL);
INSERT INTO USUARIO (TIPO_DOCUMENTO,DOCUMENTO,NOMBRE,CORREO,LOGIN,CLAVE,TIPO,RESERVA_SERVICIO_ID) VALUES ('CC',2526200696,'Wilson','aliquam.eros.turpis@vel.com','pewvmjtpdjavj9550','NHC34YVK5QP','EMPLEADO', NULL);
INSERT INTO USUARIO (TIPO_DOCUMENTO,DOCUMENTO,NOMBRE,CORREO,LOGIN,CLAVE,TIPO,RESERVA_SERVICIO_ID) VALUES ('CC',9868354750,'Oleg','a.nunc@metusVivamuseuismod.net','djceddtgaasqs4813','ZKV07LPQ4FW','CLIENTE', NULL);
INSERT INTO USUARIO (TIPO_DOCUMENTO,DOCUMENTO,NOMBRE,CORREO,LOGIN,CLAVE,TIPO,RESERVA_SERVICIO_ID) VALUES ('CC',7917213390,'Downs','fermentum.vel@aliquamadipiscing.org','kzbzhdjivbuhm5480','VNU50KHK9NC','CLIENTE', NULL);
INSERT INTO USUARIO (TIPO_DOCUMENTO,DOCUMENTO,NOMBRE,CORREO,LOGIN,CLAVE,TIPO,RESERVA_SERVICIO_ID) VALUES ('CC',9124613591,'Jasper','lectus.convallis@tinciduntcongueturpis.ca','pbktkbcavcabo9030','MOA32RVC1NC','CLIENTE', NULL);
INSERT INTO USUARIO (TIPO_DOCUMENTO,DOCUMENTO,NOMBRE,CORREO,LOGIN,CLAVE,TIPO,RESERVA_SERVICIO_ID) VALUES ('CC',8851074766,'Owen','sapien@euismodest.org','dmffmuyzitzmd7228','CCC22KSO1CG','CLIENTE', NULL);
COMMIT;

INSERT INTO EMPLEADOS (EMPLEADO_TIP_DOC,EMPLEADO_DOC,HOTEL_ID) VALUES ('CC','3438814887','46931651399');
INSERT INTO EMPLEADOS (EMPLEADO_TIP_DOC,EMPLEADO_DOC,HOTEL_ID) VALUES ('CC','8651580681','46931651399');
INSERT INTO EMPLEADOS (EMPLEADO_TIP_DOC,EMPLEADO_DOC,HOTEL_ID) VALUES ('CC','5309117024','46931651399');
INSERT INTO EMPLEADOS (EMPLEADO_TIP_DOC,EMPLEADO_DOC,HOTEL_ID) VALUES ('CC','8982479610','46931651399');
INSERT INTO EMPLEADOS (EMPLEADO_TIP_DOC,EMPLEADO_DOC,HOTEL_ID) VALUES ('CC','3579992204','46931651399');
INSERT INTO EMPLEADOS (EMPLEADO_TIP_DOC,EMPLEADO_DOC,HOTEL_ID) VALUES ('CC','6414813677','46931651399');
INSERT INTO EMPLEADOS (EMPLEADO_TIP_DOC,EMPLEADO_DOC,HOTEL_ID) VALUES ('CC','5358744299','46931651399');
INSERT INTO EMPLEADOS (EMPLEADO_TIP_DOC,EMPLEADO_DOC,HOTEL_ID) VALUES ('CC','2526200696','46931651399');
COMMIT;

--HOTEL 4 79294302099
INSERT INTO USUARIO (TIPO_DOCUMENTO,DOCUMENTO,NOMBRE,CORREO,LOGIN,CLAVE,TIPO,RESERVA_SERVICIO_ID) VALUES ('CC',8926525683,'Clay','euismod.in@egestas.org','tugexgxtwedkd9411','LKV94ZTC4QY','GERENTE', NULL);
INSERT INTO USUARIO (TIPO_DOCUMENTO,DOCUMENTO,NOMBRE,CORREO,LOGIN,CLAVE,TIPO,RESERVA_SERVICIO_ID) VALUES ('CC',9813129026,'Martinez','vitae.purus.gravida@Aeneangravidanunc.org','rlpcyhyqtmmfh4028','HBL62QAU0DO','ADMINISTRADOR', NULL);
INSERT INTO USUARIO (TIPO_DOCUMENTO,DOCUMENTO,NOMBRE,CORREO,LOGIN,CLAVE,TIPO,RESERVA_SERVICIO_ID) VALUES ('CC',7485171388,'Lancaster','felis.Donec@necdiam.com','rhmwcppilrynl3945','EPP01WWK6WJ','RECEPCIONISTA', NULL);
INSERT INTO USUARIO (TIPO_DOCUMENTO,DOCUMENTO,NOMBRE,CORREO,LOGIN,CLAVE,TIPO,RESERVA_SERVICIO_ID) VALUES ('CC',8297586662,'Bryan','dictum@auctorvitae.org','zdvqsebpqaham8429','IZQ89JXL6LN','RECEPCIONISTA', NULL);
INSERT INTO USUARIO (TIPO_DOCUMENTO,DOCUMENTO,NOMBRE,CORREO,LOGIN,CLAVE,TIPO,RESERVA_SERVICIO_ID) VALUES ('CC',2802358275,'Blackwell','eros@tinciduntorciquis.co.uk','qogymwemptlny2710','JST61VSI3EW','EMPLEADO', NULL);
INSERT INTO USUARIO (TIPO_DOCUMENTO,DOCUMENTO,NOMBRE,CORREO,LOGIN,CLAVE,TIPO,RESERVA_SERVICIO_ID) VALUES ('CC',7863914091,'Hamilton','dapibus.ligula@Integer.ca','nddeovzncdmix6727','PGC81JBH4VB','EMPLEADO', NULL);
INSERT INTO USUARIO (TIPO_DOCUMENTO,DOCUMENTO,NOMBRE,CORREO,LOGIN,CLAVE,TIPO,RESERVA_SERVICIO_ID) VALUES ('CC',5981243018,'Dacey','sollicitudin@velesttempor.edu','cckbkqzxexvqm8158','MIN53XJS8ZG','EMPLEADO', NULL);
INSERT INTO USUARIO (TIPO_DOCUMENTO,DOCUMENTO,NOMBRE,CORREO,LOGIN,CLAVE,TIPO,RESERVA_SERVICIO_ID) VALUES ('CC',4180808586,'Golden','senectus@viverraMaecenas.com','xgivvdbyowdnk7686','YMD38GME3AX','EMPLEADO', NULL);
INSERT INTO USUARIO (TIPO_DOCUMENTO,DOCUMENTO,NOMBRE,CORREO,LOGIN,CLAVE,TIPO,RESERVA_SERVICIO_ID) VALUES ('CC',3325808383,'Wynter','molestie.dapibus@uteros.edu','ruhozwwlnhfdh6131','SSN52TZH7KF','CLIENTE', NULL);
INSERT INTO USUARIO (TIPO_DOCUMENTO,DOCUMENTO,NOMBRE,CORREO,LOGIN,CLAVE,TIPO,RESERVA_SERVICIO_ID) VALUES ('CC',2573369730,'Ray','purus.sapien@diameudolor.ca','rnqmjbbinbrku3747','RDN88DMA9ST','CLIENTE', NULL);
INSERT INTO USUARIO (TIPO_DOCUMENTO,DOCUMENTO,NOMBRE,CORREO,LOGIN,CLAVE,TIPO,RESERVA_SERVICIO_ID) VALUES ('CC',4099138989,'Elliott','sed@quisdiamPellentesque.com','qbybhestdtesg2700','OJA53NDB2ZP','CLIENTE', NULL);
INSERT INTO USUARIO (TIPO_DOCUMENTO,DOCUMENTO,NOMBRE,CORREO,LOGIN,CLAVE,TIPO,RESERVA_SERVICIO_ID) VALUES ('CC',5913617446,'Delaney','vel.mauris.Integer@acurnaUt.net','wpcwlleyzpitq3167','TKT92OTG4PT','CLIENTE', NULL);
COMMIT;

INSERT INTO EMPLEADOS (EMPLEADO_TIP_DOC,EMPLEADO_DOC,HOTEL_ID) VALUES ('CC','8926525683','79294302099');
INSERT INTO EMPLEADOS (EMPLEADO_TIP_DOC,EMPLEADO_DOC,HOTEL_ID) VALUES ('CC','9813129026','79294302099');
INSERT INTO EMPLEADOS (EMPLEADO_TIP_DOC,EMPLEADO_DOC,HOTEL_ID) VALUES ('CC','7485171388','79294302099');
INSERT INTO EMPLEADOS (EMPLEADO_TIP_DOC,EMPLEADO_DOC,HOTEL_ID) VALUES ('CC','8297586662','79294302099');
INSERT INTO EMPLEADOS (EMPLEADO_TIP_DOC,EMPLEADO_DOC,HOTEL_ID) VALUES ('CC','2802358275','79294302099');
INSERT INTO EMPLEADOS (EMPLEADO_TIP_DOC,EMPLEADO_DOC,HOTEL_ID) VALUES ('CC','7863914091','79294302099');
INSERT INTO EMPLEADOS (EMPLEADO_TIP_DOC,EMPLEADO_DOC,HOTEL_ID) VALUES ('CC','5981243018','79294302099');
INSERT INTO EMPLEADOS (EMPLEADO_TIP_DOC,EMPLEADO_DOC,HOTEL_ID) VALUES ('CC','4180808586','79294302099');
COMMIT;

--HOTEL 5 46882203999
INSERT INTO USUARIO (TIPO_DOCUMENTO,DOCUMENTO,NOMBRE,CORREO,LOGIN,CLAVE,TIPO,RESERVA_SERVICIO_ID) VALUES ('CC',2609943318,'Copeland','vitae@temporestac.net','sbgwdrqefujpi0688','KKI49ELE5QP','GERENTE', NULL);
INSERT INTO USUARIO (TIPO_DOCUMENTO,DOCUMENTO,NOMBRE,CORREO,LOGIN,CLAVE,TIPO,RESERVA_SERVICIO_ID) VALUES ('CC',7000046350,'Miranda','imperdiet.non@atvelit.org','rgkbraewzzuvl5436','QYU85WXH8WC','ADMINISTRADOR', NULL);
INSERT INTO USUARIO (TIPO_DOCUMENTO,DOCUMENTO,NOMBRE,CORREO,LOGIN,CLAVE,TIPO,RESERVA_SERVICIO_ID) VALUES ('CC',6702181314,'Vivian','elit@acmetus.com','oscvyhpxgwtjs9562','VPQ08LER9LW','RECEPCIONISTA', NULL);
INSERT INTO USUARIO (TIPO_DOCUMENTO,DOCUMENTO,NOMBRE,CORREO,LOGIN,CLAVE,TIPO,RESERVA_SERVICIO_ID) VALUES ('CC',9772629690,'Gibson','lectus@Crasloremlorem.co.uk','pbyhjmeizqsgf7099','BRX94QSB1EC','RECEPCIONISTA', NULL);
INSERT INTO USUARIO (TIPO_DOCUMENTO,DOCUMENTO,NOMBRE,CORREO,LOGIN,CLAVE,TIPO,RESERVA_SERVICIO_ID) VALUES ('CC',4995691744,'Foley','arcu.Morbi@massaQuisque.edu','zorndgdkrunyo3314','CEC20MXB3XL','EMPLEADO', NULL);
INSERT INTO USUARIO (TIPO_DOCUMENTO,DOCUMENTO,NOMBRE,CORREO,LOGIN,CLAVE,TIPO,RESERVA_SERVICIO_ID) VALUES ('CC',3482743163,'Dacey','tellus.non@egetodioAliquam.net','sulflpqlqkeoe9999','TXN67WVT7AX','EMPLEADO', NULL);
INSERT INTO USUARIO (TIPO_DOCUMENTO,DOCUMENTO,NOMBRE,CORREO,LOGIN,CLAVE,TIPO,RESERVA_SERVICIO_ID) VALUES ('CC',8032915534,'Franco','ligula.Donec@anequeNullam.net','opuotnvlsqryo9686','AOD31FWO3BI','EMPLEADO', NULL);
INSERT INTO USUARIO (TIPO_DOCUMENTO,DOCUMENTO,NOMBRE,CORREO,LOGIN,CLAVE,TIPO,RESERVA_SERVICIO_ID) VALUES ('CC',1373919458,'Blake','eget.tincidunt.dui@sedorcilobortis.co.uk','tcfsfckvcfbyx5156','BLY10EEF7FP','EMPLEADO', NULL);
INSERT INTO USUARIO (TIPO_DOCUMENTO,DOCUMENTO,NOMBRE,CORREO,LOGIN,CLAVE,TIPO,RESERVA_SERVICIO_ID) VALUES ('CC',4314984705,'Kiona','nisl@ligulaNullamfeugiat.ca','kpixnxqvwexxe9295','MXK73FJG6HF','CLIENTE', NULL);
INSERT INTO USUARIO (TIPO_DOCUMENTO,DOCUMENTO,NOMBRE,CORREO,LOGIN,CLAVE,TIPO,RESERVA_SERVICIO_ID) VALUES ('CC',3977774266,'Margaret','ipsum.Suspendisse.non@Nam.org','ddrfnochgnjlf4000','KJS73RUM1SA','CLIENTE', NULL);
INSERT INTO USUARIO (TIPO_DOCUMENTO,DOCUMENTO,NOMBRE,CORREO,LOGIN,CLAVE,TIPO,RESERVA_SERVICIO_ID) VALUES ('CC',2409874749,'Jasper','metus.In@bibendumullamcorperDuis.co.uk','lgngkaokwodmb6058','JFF09IEG2GD','CLIENTE', NULL);
INSERT INTO USUARIO (TIPO_DOCUMENTO,DOCUMENTO,NOMBRE,CORREO,LOGIN,CLAVE,TIPO,RESERVA_SERVICIO_ID) VALUES ('CC',1344074623,'Winifred','elementum.lorem.ut@erateget.com','qeqwggvohlugm4635','PBI04OLD8DI','CLIENTE', NULL);
COMMIT;

INSERT INTO EMPLEADOS (EMPLEADO_TIP_DOC,EMPLEADO_DOC,HOTEL_ID) VALUES ('CC','2609943318','46882203999');
INSERT INTO EMPLEADOS (EMPLEADO_TIP_DOC,EMPLEADO_DOC,HOTEL_ID) VALUES ('CC','7000046350','46882203999');
INSERT INTO EMPLEADOS (EMPLEADO_TIP_DOC,EMPLEADO_DOC,HOTEL_ID) VALUES ('CC','6702181314','46882203999');
INSERT INTO EMPLEADOS (EMPLEADO_TIP_DOC,EMPLEADO_DOC,HOTEL_ID) VALUES ('CC','9772629690','46882203999');
INSERT INTO EMPLEADOS (EMPLEADO_TIP_DOC,EMPLEADO_DOC,HOTEL_ID) VALUES ('CC','4995691744','46882203999');
INSERT INTO EMPLEADOS (EMPLEADO_TIP_DOC,EMPLEADO_DOC,HOTEL_ID) VALUES ('CC','3482743163','46882203999');
INSERT INTO EMPLEADOS (EMPLEADO_TIP_DOC,EMPLEADO_DOC,HOTEL_ID) VALUES ('CC','8032915534','46882203999');
INSERT INTO EMPLEADOS (EMPLEADO_TIP_DOC,EMPLEADO_DOC,HOTEL_ID) VALUES ('CC','1373919458','46882203999');
COMMIT;

--BARES
INSERT INTO BAR (ID,NOMBRE,CAPACIDAD,OCUPACION_ACTUAL,ESTILO,HOTEL_ID) VALUES ('83260606099','Ac Turpis Associates',49,29,'eu','89973308199');
INSERT INTO BAR (ID,NOMBRE,CAPACIDAD,OCUPACION_ACTUAL,ESTILO,HOTEL_ID) VALUES ('14517691699','Sed Hendrerit A Incorporated',42,17,'mauris','89973308199');
INSERT INTO BAR (ID,NOMBRE,CAPACIDAD,OCUPACION_ACTUAL,ESTILO,HOTEL_ID) VALUES ('79426399499','Lorem Associates',70,14,'tempor','46931651399');
INSERT INTO BAR (ID,NOMBRE,CAPACIDAD,OCUPACION_ACTUAL,ESTILO,HOTEL_ID) VALUES ('82325253499','Tempor Augue Ltd',49,21,'Integer','79294302099');
INSERT INTO BAR (ID,NOMBRE,CAPACIDAD,OCUPACION_ACTUAL,ESTILO,HOTEL_ID) VALUES ('08660344699','Varius Orci In Limited',56,24,'ipsum','79294302099');
INSERT INTO BAR (ID,NOMBRE,CAPACIDAD,OCUPACION_ACTUAL,ESTILO,HOTEL_ID) VALUES ('60248505699','Molestie LLP',40,10,'Vivamus','79294302099');
COMMIT;

--PRODUCTOS BAR
INSERT INTO PRODUCTO (ID,NOMBRE,COSTO) VALUES (1,'licor1',903);
INSERT INTO PRODUCTO (ID,NOMBRE,COSTO) VALUES (2,'licor2',973);
INSERT INTO PRODUCTO (ID,NOMBRE,COSTO) VALUES (3,'licor3',810);
INSERT INTO PRODUCTO (ID,NOMBRE,COSTO) VALUES (4,'licor4',110);
INSERT INTO PRODUCTO (ID,NOMBRE,COSTO) VALUES (5,'licor5',340);
INSERT INTO PRODUCTO (ID,NOMBRE,COSTO) VALUES (6,'licor6',462);
INSERT INTO PRODUCTO (ID,NOMBRE,COSTO) VALUES (7,'licor7',602);
INSERT INTO PRODUCTO (ID,NOMBRE,COSTO) VALUES (8,'licor8',931);
INSERT INTO PRODUCTO (ID,NOMBRE,COSTO) VALUES (9,'licor9',102);
INSERT INTO PRODUCTO (ID,NOMBRE,COSTO) VALUES (10,'licor10',477);
INSERT INTO PRODUCTO (ID,NOMBRE,COSTO) VALUES (11,'licor11',800);
INSERT INTO PRODUCTO (ID,NOMBRE,COSTO) VALUES (12,'licor12',223);
INSERT INTO PRODUCTO (ID,NOMBRE,COSTO) VALUES (13,'licor13',961);
INSERT INTO PRODUCTO (ID,NOMBRE,COSTO) VALUES (14,'licor14',955);
INSERT INTO PRODUCTO (ID,NOMBRE,COSTO) VALUES (15,'licor15',821);
INSERT INTO PRODUCTO (ID,NOMBRE,COSTO) VALUES (16,'licor16',536);
INSERT INTO PRODUCTO (ID,NOMBRE,COSTO) VALUES (17,'licor17',881);
INSERT INTO PRODUCTO (ID,NOMBRE,COSTO) VALUES (18,'licor18',397);
INSERT INTO PRODUCTO (ID,NOMBRE,COSTO) VALUES (19,'licor19',162);
INSERT INTO PRODUCTO (ID,NOMBRE,COSTO) VALUES (20,'licor20',943);
INSERT INTO PRODUCTO (ID,NOMBRE,COSTO) VALUES (21,'licor21',465);
INSERT INTO PRODUCTO (ID,NOMBRE,COSTO) VALUES (22,'licor22',521);
INSERT INTO PRODUCTO (ID,NOMBRE,COSTO) VALUES (23,'licor23',482);
INSERT INTO PRODUCTO (ID,NOMBRE,COSTO) VALUES (24,'licor24',469);
INSERT INTO PRODUCTO (ID,NOMBRE,COSTO) VALUES (25,'licor25',507);
INSERT INTO PRODUCTO (ID,NOMBRE,COSTO) VALUES (26,'licor26',811);
INSERT INTO PRODUCTO (ID,NOMBRE,COSTO) VALUES (27,'licor27',442);
INSERT INTO PRODUCTO (ID,NOMBRE,COSTO) VALUES (28,'licor28',587);
INSERT INTO PRODUCTO (ID,NOMBRE,COSTO) VALUES (29,'licor29',543);
INSERT INTO PRODUCTO (ID,NOMBRE,COSTO) VALUES (30,'licor30',766);
INSERT INTO PRODUCTO (ID,NOMBRE,COSTO) VALUES (31,'licor31',559);
INSERT INTO PRODUCTO (ID,NOMBRE,COSTO) VALUES (32,'licor32',536);
INSERT INTO PRODUCTO (ID,NOMBRE,COSTO) VALUES (33,'licor33',164);
INSERT INTO PRODUCTO (ID,NOMBRE,COSTO) VALUES (34,'licor34',762);
INSERT INTO PRODUCTO (ID,NOMBRE,COSTO) VALUES (35,'licor35',762);
INSERT INTO PRODUCTO (ID,NOMBRE,COSTO) VALUES (36,'licor36',378);
INSERT INTO PRODUCTO (ID,NOMBRE,COSTO) VALUES (37,'licor37',331);
INSERT INTO PRODUCTO (ID,NOMBRE,COSTO) VALUES (38,'licor38',705);
INSERT INTO PRODUCTO (ID,NOMBRE,COSTO) VALUES (39,'licor39',409);
INSERT INTO PRODUCTO (ID,NOMBRE,COSTO) VALUES (40,'licor40',250);
INSERT INTO PRODUCTO (ID,NOMBRE,COSTO) VALUES (41,'licor41',810);
INSERT INTO PRODUCTO (ID,NOMBRE,COSTO) VALUES (42,'licor42',692);
INSERT INTO PRODUCTO (ID,NOMBRE,COSTO) VALUES (43,'licor43',397);
INSERT INTO PRODUCTO (ID,NOMBRE,COSTO) VALUES (44,'licor44',144);
INSERT INTO PRODUCTO (ID,NOMBRE,COSTO) VALUES (45,'licor45',421);
INSERT INTO PRODUCTO (ID,NOMBRE,COSTO) VALUES (46,'licor46',745);
INSERT INTO PRODUCTO (ID,NOMBRE,COSTO) VALUES (47,'licor47',245);
INSERT INTO PRODUCTO (ID,NOMBRE,COSTO) VALUES (48,'licor48',709);
INSERT INTO PRODUCTO (ID,NOMBRE,COSTO) VALUES (49,'licor49',875);
INSERT INTO PRODUCTO (ID,NOMBRE,COSTO) VALUES (50,'licor50',951);
INSERT INTO PRODUCTO (ID,NOMBRE,COSTO) VALUES (51,'licor51',498);
INSERT INTO PRODUCTO (ID,NOMBRE,COSTO) VALUES (52,'licor52',627);
INSERT INTO PRODUCTO (ID,NOMBRE,COSTO) VALUES (53,'licor53',672);
INSERT INTO PRODUCTO (ID,NOMBRE,COSTO) VALUES (54,'licor54',471);
INSERT INTO PRODUCTO (ID,NOMBRE,COSTO) VALUES (55,'licor55',788);
INSERT INTO PRODUCTO (ID,NOMBRE,COSTO) VALUES (56,'licor56',372);
INSERT INTO PRODUCTO (ID,NOMBRE,COSTO) VALUES (57,'licor57',993);
INSERT INTO PRODUCTO (ID,NOMBRE,COSTO) VALUES (58,'licor58',203);
INSERT INTO PRODUCTO (ID,NOMBRE,COSTO) VALUES (59,'licor59',309);
INSERT INTO PRODUCTO (ID,NOMBRE,COSTO) VALUES (60,'licor60',560);
INSERT INTO PRODUCTO (ID,NOMBRE,COSTO) VALUES (61,'licor61',458);
INSERT INTO PRODUCTO (ID,NOMBRE,COSTO) VALUES (62,'licor62',400);
INSERT INTO PRODUCTO (ID,NOMBRE,COSTO) VALUES (63,'licor63',775);
INSERT INTO PRODUCTO (ID,NOMBRE,COSTO) VALUES (64,'licor64',509);
INSERT INTO PRODUCTO (ID,NOMBRE,COSTO) VALUES (65,'licor65',426);
INSERT INTO PRODUCTO (ID,NOMBRE,COSTO) VALUES (66,'licor66',104);
INSERT INTO PRODUCTO (ID,NOMBRE,COSTO) VALUES (67,'licor67',535);
INSERT INTO PRODUCTO (ID,NOMBRE,COSTO) VALUES (68,'licor68',299);
INSERT INTO PRODUCTO (ID,NOMBRE,COSTO) VALUES (69,'licor69',359);
INSERT INTO PRODUCTO (ID,NOMBRE,COSTO) VALUES (70,'licor70',543);
INSERT INTO PRODUCTO (ID,NOMBRE,COSTO) VALUES (71,'licor71',880);
INSERT INTO PRODUCTO (ID,NOMBRE,COSTO) VALUES (72,'licor72',311);
INSERT INTO PRODUCTO (ID,NOMBRE,COSTO) VALUES (73,'licor73',507);
INSERT INTO PRODUCTO (ID,NOMBRE,COSTO) VALUES (74,'licor74',481);
INSERT INTO PRODUCTO (ID,NOMBRE,COSTO) VALUES (75,'licor75',371);
INSERT INTO PRODUCTO (ID,NOMBRE,COSTO) VALUES (76,'licor76',267);
INSERT INTO PRODUCTO (ID,NOMBRE,COSTO) VALUES (77,'licor77',822);
INSERT INTO PRODUCTO (ID,NOMBRE,COSTO) VALUES (78,'licor78',507);
INSERT INTO PRODUCTO (ID,NOMBRE,COSTO) VALUES (79,'licor79',155);
INSERT INTO PRODUCTO (ID,NOMBRE,COSTO) VALUES (80,'licor80',706);
INSERT INTO PRODUCTO (ID,NOMBRE,COSTO) VALUES (81,'licor81',799);
INSERT INTO PRODUCTO (ID,NOMBRE,COSTO) VALUES (82,'licor82',882);
INSERT INTO PRODUCTO (ID,NOMBRE,COSTO) VALUES (83,'licor83',251);
INSERT INTO PRODUCTO (ID,NOMBRE,COSTO) VALUES (84,'licor84',938);
INSERT INTO PRODUCTO (ID,NOMBRE,COSTO) VALUES (85,'licor85',876);
INSERT INTO PRODUCTO (ID,NOMBRE,COSTO) VALUES (86,'licor86',989);
INSERT INTO PRODUCTO (ID,NOMBRE,COSTO) VALUES (87,'licor87',702);
INSERT INTO PRODUCTO (ID,NOMBRE,COSTO) VALUES (88,'licor88',432);
INSERT INTO PRODUCTO (ID,NOMBRE,COSTO) VALUES (89,'licor89',835);
INSERT INTO PRODUCTO (ID,NOMBRE,COSTO) VALUES (90,'licor90',834);
INSERT INTO PRODUCTO (ID,NOMBRE,COSTO) VALUES (91,'licor91',467);
INSERT INTO PRODUCTO (ID,NOMBRE,COSTO) VALUES (92,'licor92',453);
INSERT INTO PRODUCTO (ID,NOMBRE,COSTO) VALUES (93,'licor93',239);
INSERT INTO PRODUCTO (ID,NOMBRE,COSTO) VALUES (94,'licor94',101);
INSERT INTO PRODUCTO (ID,NOMBRE,COSTO) VALUES (95,'licor95',796);
INSERT INTO PRODUCTO (ID,NOMBRE,COSTO) VALUES (96,'licor96',841);
INSERT INTO PRODUCTO (ID,NOMBRE,COSTO) VALUES (97,'licor97',273);
INSERT INTO PRODUCTO (ID,NOMBRE,COSTO) VALUES (98,'licor98',231);
INSERT INTO PRODUCTO (ID,NOMBRE,COSTO) VALUES (99,'licor99',610);
INSERT INTO PRODUCTO (ID,NOMBRE,COSTO) VALUES (100,'licor100',825);
COMMIT;

--JOIN PRODUCTO_BAR
INSERT INTO JOIN_PRODUCTO_TO_BAR (BAR_ID,PRODUCTO_ID) VALUES ('83260606099',1);
INSERT INTO JOIN_PRODUCTO_TO_BAR (BAR_ID,PRODUCTO_ID) VALUES ('83260606099',2);
INSERT INTO JOIN_PRODUCTO_TO_BAR (BAR_ID,PRODUCTO_ID) VALUES ('83260606099',3);
INSERT INTO JOIN_PRODUCTO_TO_BAR (BAR_ID,PRODUCTO_ID) VALUES ('83260606099',4);
INSERT INTO JOIN_PRODUCTO_TO_BAR (BAR_ID,PRODUCTO_ID) VALUES ('83260606099',5);
INSERT INTO JOIN_PRODUCTO_TO_BAR (BAR_ID,PRODUCTO_ID) VALUES ('14517691699',6);
INSERT INTO JOIN_PRODUCTO_TO_BAR (BAR_ID,PRODUCTO_ID) VALUES ('14517691699',7);
INSERT INTO JOIN_PRODUCTO_TO_BAR (BAR_ID,PRODUCTO_ID) VALUES ('14517691699',8);
INSERT INTO JOIN_PRODUCTO_TO_BAR (BAR_ID,PRODUCTO_ID) VALUES ('14517691699',9);
INSERT INTO JOIN_PRODUCTO_TO_BAR (BAR_ID,PRODUCTO_ID) VALUES ('14517691699',10);
INSERT INTO JOIN_PRODUCTO_TO_BAR (BAR_ID,PRODUCTO_ID) VALUES ('79426399499',11);
INSERT INTO JOIN_PRODUCTO_TO_BAR (BAR_ID,PRODUCTO_ID) VALUES ('79426399499',12);
INSERT INTO JOIN_PRODUCTO_TO_BAR (BAR_ID,PRODUCTO_ID) VALUES ('79426399499',13);
INSERT INTO JOIN_PRODUCTO_TO_BAR (BAR_ID,PRODUCTO_ID) VALUES ('79426399499',14);
INSERT INTO JOIN_PRODUCTO_TO_BAR (BAR_ID,PRODUCTO_ID) VALUES ('79426399499',15);
INSERT INTO JOIN_PRODUCTO_TO_BAR (BAR_ID,PRODUCTO_ID) VALUES ('82325253499',16);
INSERT INTO JOIN_PRODUCTO_TO_BAR (BAR_ID,PRODUCTO_ID) VALUES ('82325253499',17);
INSERT INTO JOIN_PRODUCTO_TO_BAR (BAR_ID,PRODUCTO_ID) VALUES ('82325253499',18);
INSERT INTO JOIN_PRODUCTO_TO_BAR (BAR_ID,PRODUCTO_ID) VALUES ('82325253499',19);
INSERT INTO JOIN_PRODUCTO_TO_BAR (BAR_ID,PRODUCTO_ID) VALUES ('82325253499',20);
INSERT INTO JOIN_PRODUCTO_TO_BAR (BAR_ID,PRODUCTO_ID) VALUES ('08660344699',21);
INSERT INTO JOIN_PRODUCTO_TO_BAR (BAR_ID,PRODUCTO_ID) VALUES ('08660344699',22);
INSERT INTO JOIN_PRODUCTO_TO_BAR (BAR_ID,PRODUCTO_ID) VALUES ('08660344699',23);
INSERT INTO JOIN_PRODUCTO_TO_BAR (BAR_ID,PRODUCTO_ID) VALUES ('08660344699',24);
INSERT INTO JOIN_PRODUCTO_TO_BAR (BAR_ID,PRODUCTO_ID) VALUES ('08660344699',25);
INSERT INTO JOIN_PRODUCTO_TO_BAR (BAR_ID,PRODUCTO_ID) VALUES ('83260606099',26);
INSERT INTO JOIN_PRODUCTO_TO_BAR (BAR_ID,PRODUCTO_ID) VALUES ('83260606099',27);
INSERT INTO JOIN_PRODUCTO_TO_BAR (BAR_ID,PRODUCTO_ID) VALUES ('83260606099',28);
INSERT INTO JOIN_PRODUCTO_TO_BAR (BAR_ID,PRODUCTO_ID) VALUES ('83260606099',29);
INSERT INTO JOIN_PRODUCTO_TO_BAR (BAR_ID,PRODUCTO_ID) VALUES ('83260606099',30);
INSERT INTO JOIN_PRODUCTO_TO_BAR (BAR_ID,PRODUCTO_ID) VALUES ('14517691699',31);
INSERT INTO JOIN_PRODUCTO_TO_BAR (BAR_ID,PRODUCTO_ID) VALUES ('14517691699',32);
INSERT INTO JOIN_PRODUCTO_TO_BAR (BAR_ID,PRODUCTO_ID) VALUES ('14517691699',33);
INSERT INTO JOIN_PRODUCTO_TO_BAR (BAR_ID,PRODUCTO_ID) VALUES ('14517691699',34);
INSERT INTO JOIN_PRODUCTO_TO_BAR (BAR_ID,PRODUCTO_ID) VALUES ('14517691699',35);
INSERT INTO JOIN_PRODUCTO_TO_BAR (BAR_ID,PRODUCTO_ID) VALUES ('79426399499',36);
INSERT INTO JOIN_PRODUCTO_TO_BAR (BAR_ID,PRODUCTO_ID) VALUES ('79426399499',37);
INSERT INTO JOIN_PRODUCTO_TO_BAR (BAR_ID,PRODUCTO_ID) VALUES ('79426399499',38);
INSERT INTO JOIN_PRODUCTO_TO_BAR (BAR_ID,PRODUCTO_ID) VALUES ('79426399499',39);
INSERT INTO JOIN_PRODUCTO_TO_BAR (BAR_ID,PRODUCTO_ID) VALUES ('79426399499',40);
INSERT INTO JOIN_PRODUCTO_TO_BAR (BAR_ID,PRODUCTO_ID) VALUES ('82325253499',41);
INSERT INTO JOIN_PRODUCTO_TO_BAR (BAR_ID,PRODUCTO_ID) VALUES ('82325253499',42);
INSERT INTO JOIN_PRODUCTO_TO_BAR (BAR_ID,PRODUCTO_ID) VALUES ('82325253499',43);
INSERT INTO JOIN_PRODUCTO_TO_BAR (BAR_ID,PRODUCTO_ID) VALUES ('82325253499',44);
INSERT INTO JOIN_PRODUCTO_TO_BAR (BAR_ID,PRODUCTO_ID) VALUES ('82325253499',45);
INSERT INTO JOIN_PRODUCTO_TO_BAR (BAR_ID,PRODUCTO_ID) VALUES ('08660344699',46);
INSERT INTO JOIN_PRODUCTO_TO_BAR (BAR_ID,PRODUCTO_ID) VALUES ('08660344699',47);
INSERT INTO JOIN_PRODUCTO_TO_BAR (BAR_ID,PRODUCTO_ID) VALUES ('08660344699',48);
INSERT INTO JOIN_PRODUCTO_TO_BAR (BAR_ID,PRODUCTO_ID) VALUES ('08660344699',49);
INSERT INTO JOIN_PRODUCTO_TO_BAR (BAR_ID,PRODUCTO_ID) VALUES ('08660344699',50);
INSERT INTO JOIN_PRODUCTO_TO_BAR (BAR_ID,PRODUCTO_ID) VALUES ('83260606099',51);
INSERT INTO JOIN_PRODUCTO_TO_BAR (BAR_ID,PRODUCTO_ID) VALUES ('83260606099',52);
INSERT INTO JOIN_PRODUCTO_TO_BAR (BAR_ID,PRODUCTO_ID) VALUES ('83260606099',53);
INSERT INTO JOIN_PRODUCTO_TO_BAR (BAR_ID,PRODUCTO_ID) VALUES ('83260606099',54);
INSERT INTO JOIN_PRODUCTO_TO_BAR (BAR_ID,PRODUCTO_ID) VALUES ('83260606099',55);
INSERT INTO JOIN_PRODUCTO_TO_BAR (BAR_ID,PRODUCTO_ID) VALUES ('14517691699',56);
INSERT INTO JOIN_PRODUCTO_TO_BAR (BAR_ID,PRODUCTO_ID) VALUES ('14517691699',57);
INSERT INTO JOIN_PRODUCTO_TO_BAR (BAR_ID,PRODUCTO_ID) VALUES ('14517691699',58);
INSERT INTO JOIN_PRODUCTO_TO_BAR (BAR_ID,PRODUCTO_ID) VALUES ('14517691699',59);
INSERT INTO JOIN_PRODUCTO_TO_BAR (BAR_ID,PRODUCTO_ID) VALUES ('14517691699',60);
INSERT INTO JOIN_PRODUCTO_TO_BAR (BAR_ID,PRODUCTO_ID) VALUES ('79426399499',61);
INSERT INTO JOIN_PRODUCTO_TO_BAR (BAR_ID,PRODUCTO_ID) VALUES ('79426399499',62);
INSERT INTO JOIN_PRODUCTO_TO_BAR (BAR_ID,PRODUCTO_ID) VALUES ('79426399499',63);
INSERT INTO JOIN_PRODUCTO_TO_BAR (BAR_ID,PRODUCTO_ID) VALUES ('79426399499',64);
INSERT INTO JOIN_PRODUCTO_TO_BAR (BAR_ID,PRODUCTO_ID) VALUES ('79426399499',65);
INSERT INTO JOIN_PRODUCTO_TO_BAR (BAR_ID,PRODUCTO_ID) VALUES ('82325253499',66);
INSERT INTO JOIN_PRODUCTO_TO_BAR (BAR_ID,PRODUCTO_ID) VALUES ('82325253499',67);
INSERT INTO JOIN_PRODUCTO_TO_BAR (BAR_ID,PRODUCTO_ID) VALUES ('82325253499',68);
INSERT INTO JOIN_PRODUCTO_TO_BAR (BAR_ID,PRODUCTO_ID) VALUES ('82325253499',69);
INSERT INTO JOIN_PRODUCTO_TO_BAR (BAR_ID,PRODUCTO_ID) VALUES ('82325253499',70);
INSERT INTO JOIN_PRODUCTO_TO_BAR (BAR_ID,PRODUCTO_ID) VALUES ('08660344699',71);
INSERT INTO JOIN_PRODUCTO_TO_BAR (BAR_ID,PRODUCTO_ID) VALUES ('08660344699',72);
INSERT INTO JOIN_PRODUCTO_TO_BAR (BAR_ID,PRODUCTO_ID) VALUES ('08660344699',73);
INSERT INTO JOIN_PRODUCTO_TO_BAR (BAR_ID,PRODUCTO_ID) VALUES ('08660344699',74);
INSERT INTO JOIN_PRODUCTO_TO_BAR (BAR_ID,PRODUCTO_ID) VALUES ('08660344699',75);
INSERT INTO JOIN_PRODUCTO_TO_BAR (BAR_ID,PRODUCTO_ID) VALUES ('83260606099',76);
INSERT INTO JOIN_PRODUCTO_TO_BAR (BAR_ID,PRODUCTO_ID) VALUES ('83260606099',77);
INSERT INTO JOIN_PRODUCTO_TO_BAR (BAR_ID,PRODUCTO_ID) VALUES ('83260606099',78);
INSERT INTO JOIN_PRODUCTO_TO_BAR (BAR_ID,PRODUCTO_ID) VALUES ('83260606099',79);
INSERT INTO JOIN_PRODUCTO_TO_BAR (BAR_ID,PRODUCTO_ID) VALUES ('83260606099',80);
INSERT INTO JOIN_PRODUCTO_TO_BAR (BAR_ID,PRODUCTO_ID) VALUES ('14517691699',81);
INSERT INTO JOIN_PRODUCTO_TO_BAR (BAR_ID,PRODUCTO_ID) VALUES ('14517691699',82);
INSERT INTO JOIN_PRODUCTO_TO_BAR (BAR_ID,PRODUCTO_ID) VALUES ('14517691699',83);
INSERT INTO JOIN_PRODUCTO_TO_BAR (BAR_ID,PRODUCTO_ID) VALUES ('14517691699',84);
INSERT INTO JOIN_PRODUCTO_TO_BAR (BAR_ID,PRODUCTO_ID) VALUES ('14517691699',85);
INSERT INTO JOIN_PRODUCTO_TO_BAR (BAR_ID,PRODUCTO_ID) VALUES ('79426399499',86);
INSERT INTO JOIN_PRODUCTO_TO_BAR (BAR_ID,PRODUCTO_ID) VALUES ('79426399499',87);
INSERT INTO JOIN_PRODUCTO_TO_BAR (BAR_ID,PRODUCTO_ID) VALUES ('79426399499',88);
INSERT INTO JOIN_PRODUCTO_TO_BAR (BAR_ID,PRODUCTO_ID) VALUES ('79426399499',89);
INSERT INTO JOIN_PRODUCTO_TO_BAR (BAR_ID,PRODUCTO_ID) VALUES ('79426399499',90);
INSERT INTO JOIN_PRODUCTO_TO_BAR (BAR_ID,PRODUCTO_ID) VALUES ('82325253499',91);
INSERT INTO JOIN_PRODUCTO_TO_BAR (BAR_ID,PRODUCTO_ID) VALUES ('82325253499',92);
INSERT INTO JOIN_PRODUCTO_TO_BAR (BAR_ID,PRODUCTO_ID) VALUES ('82325253499',93);
INSERT INTO JOIN_PRODUCTO_TO_BAR (BAR_ID,PRODUCTO_ID) VALUES ('82325253499',94);
INSERT INTO JOIN_PRODUCTO_TO_BAR (BAR_ID,PRODUCTO_ID) VALUES ('82325253499',95);
INSERT INTO JOIN_PRODUCTO_TO_BAR (BAR_ID,PRODUCTO_ID) VALUES ('08660344699',96);
INSERT INTO JOIN_PRODUCTO_TO_BAR (BAR_ID,PRODUCTO_ID) VALUES ('08660344699',97);
INSERT INTO JOIN_PRODUCTO_TO_BAR (BAR_ID,PRODUCTO_ID) VALUES ('08660344699',98);
INSERT INTO JOIN_PRODUCTO_TO_BAR (BAR_ID,PRODUCTO_ID) VALUES ('08660344699',99);
INSERT INTO JOIN_PRODUCTO_TO_BAR (BAR_ID,PRODUCTO_ID) VALUES ('08660344699',100);
INSERT INTO JOIN_PRODUCTO_TO_BAR (BAR_ID,PRODUCTO_ID) VALUES ('14517691699',1);
INSERT INTO JOIN_PRODUCTO_TO_BAR (BAR_ID,PRODUCTO_ID) VALUES ('14517691699',2);
INSERT INTO JOIN_PRODUCTO_TO_BAR (BAR_ID,PRODUCTO_ID) VALUES ('14517691699',3);
INSERT INTO JOIN_PRODUCTO_TO_BAR (BAR_ID,PRODUCTO_ID) VALUES ('14517691699',4);
INSERT INTO JOIN_PRODUCTO_TO_BAR (BAR_ID,PRODUCTO_ID) VALUES ('14517691699',5);
INSERT INTO JOIN_PRODUCTO_TO_BAR (BAR_ID,PRODUCTO_ID) VALUES ('82325253499',6);
INSERT INTO JOIN_PRODUCTO_TO_BAR (BAR_ID,PRODUCTO_ID) VALUES ('82325253499',7);
INSERT INTO JOIN_PRODUCTO_TO_BAR (BAR_ID,PRODUCTO_ID) VALUES ('82325253499',8);
INSERT INTO JOIN_PRODUCTO_TO_BAR (BAR_ID,PRODUCTO_ID) VALUES ('82325253499',9);
INSERT INTO JOIN_PRODUCTO_TO_BAR (BAR_ID,PRODUCTO_ID) VALUES ('82325253499',10);
INSERT INTO JOIN_PRODUCTO_TO_BAR (BAR_ID,PRODUCTO_ID) VALUES ('83260606099',11);
INSERT INTO JOIN_PRODUCTO_TO_BAR (BAR_ID,PRODUCTO_ID) VALUES ('83260606099',12);
INSERT INTO JOIN_PRODUCTO_TO_BAR (BAR_ID,PRODUCTO_ID) VALUES ('83260606099',13);
INSERT INTO JOIN_PRODUCTO_TO_BAR (BAR_ID,PRODUCTO_ID) VALUES ('83260606099',14);
INSERT INTO JOIN_PRODUCTO_TO_BAR (BAR_ID,PRODUCTO_ID) VALUES ('83260606099',15);
INSERT INTO JOIN_PRODUCTO_TO_BAR (BAR_ID,PRODUCTO_ID) VALUES ('08660344699',16);
INSERT INTO JOIN_PRODUCTO_TO_BAR (BAR_ID,PRODUCTO_ID) VALUES ('08660344699',17);
INSERT INTO JOIN_PRODUCTO_TO_BAR (BAR_ID,PRODUCTO_ID) VALUES ('08660344699',18);
INSERT INTO JOIN_PRODUCTO_TO_BAR (BAR_ID,PRODUCTO_ID) VALUES ('08660344699',19);
INSERT INTO JOIN_PRODUCTO_TO_BAR (BAR_ID,PRODUCTO_ID) VALUES ('08660344699',20);
INSERT INTO JOIN_PRODUCTO_TO_BAR (BAR_ID,PRODUCTO_ID) VALUES ('79426399499',21);
INSERT INTO JOIN_PRODUCTO_TO_BAR (BAR_ID,PRODUCTO_ID) VALUES ('79426399499',22);
INSERT INTO JOIN_PRODUCTO_TO_BAR (BAR_ID,PRODUCTO_ID) VALUES ('79426399499',23);
INSERT INTO JOIN_PRODUCTO_TO_BAR (BAR_ID,PRODUCTO_ID) VALUES ('79426399499',24);
INSERT INTO JOIN_PRODUCTO_TO_BAR (BAR_ID,PRODUCTO_ID) VALUES ('79426399499',25);
INSERT INTO JOIN_PRODUCTO_TO_BAR (BAR_ID,PRODUCTO_ID) VALUES ('14517691699',26);
INSERT INTO JOIN_PRODUCTO_TO_BAR (BAR_ID,PRODUCTO_ID) VALUES ('14517691699',27);
INSERT INTO JOIN_PRODUCTO_TO_BAR (BAR_ID,PRODUCTO_ID) VALUES ('14517691699',28);
INSERT INTO JOIN_PRODUCTO_TO_BAR (BAR_ID,PRODUCTO_ID) VALUES ('14517691699',29);
INSERT INTO JOIN_PRODUCTO_TO_BAR (BAR_ID,PRODUCTO_ID) VALUES ('14517691699',30);
INSERT INTO JOIN_PRODUCTO_TO_BAR (BAR_ID,PRODUCTO_ID) VALUES ('82325253499',31);
INSERT INTO JOIN_PRODUCTO_TO_BAR (BAR_ID,PRODUCTO_ID) VALUES ('82325253499',32);
INSERT INTO JOIN_PRODUCTO_TO_BAR (BAR_ID,PRODUCTO_ID) VALUES ('82325253499',33);
INSERT INTO JOIN_PRODUCTO_TO_BAR (BAR_ID,PRODUCTO_ID) VALUES ('82325253499',34);
INSERT INTO JOIN_PRODUCTO_TO_BAR (BAR_ID,PRODUCTO_ID) VALUES ('82325253499',35);
INSERT INTO JOIN_PRODUCTO_TO_BAR (BAR_ID,PRODUCTO_ID) VALUES ('83260606099',36);
INSERT INTO JOIN_PRODUCTO_TO_BAR (BAR_ID,PRODUCTO_ID) VALUES ('83260606099',37);
INSERT INTO JOIN_PRODUCTO_TO_BAR (BAR_ID,PRODUCTO_ID) VALUES ('83260606099',38);
INSERT INTO JOIN_PRODUCTO_TO_BAR (BAR_ID,PRODUCTO_ID) VALUES ('83260606099',39);
INSERT INTO JOIN_PRODUCTO_TO_BAR (BAR_ID,PRODUCTO_ID) VALUES ('83260606099',40);
INSERT INTO JOIN_PRODUCTO_TO_BAR (BAR_ID,PRODUCTO_ID) VALUES ('08660344699',41);
INSERT INTO JOIN_PRODUCTO_TO_BAR (BAR_ID,PRODUCTO_ID) VALUES ('08660344699',42);
INSERT INTO JOIN_PRODUCTO_TO_BAR (BAR_ID,PRODUCTO_ID) VALUES ('08660344699',43);
INSERT INTO JOIN_PRODUCTO_TO_BAR (BAR_ID,PRODUCTO_ID) VALUES ('08660344699',44);
INSERT INTO JOIN_PRODUCTO_TO_BAR (BAR_ID,PRODUCTO_ID) VALUES ('08660344699',45);
INSERT INTO JOIN_PRODUCTO_TO_BAR (BAR_ID,PRODUCTO_ID) VALUES ('79426399499',46);
INSERT INTO JOIN_PRODUCTO_TO_BAR (BAR_ID,PRODUCTO_ID) VALUES ('79426399499',47);
INSERT INTO JOIN_PRODUCTO_TO_BAR (BAR_ID,PRODUCTO_ID) VALUES ('79426399499',48);
INSERT INTO JOIN_PRODUCTO_TO_BAR (BAR_ID,PRODUCTO_ID) VALUES ('79426399499',49);
INSERT INTO JOIN_PRODUCTO_TO_BAR (BAR_ID,PRODUCTO_ID) VALUES ('79426399499',50);
INSERT INTO JOIN_PRODUCTO_TO_BAR (BAR_ID,PRODUCTO_ID) VALUES ('14517691699',51);
INSERT INTO JOIN_PRODUCTO_TO_BAR (BAR_ID,PRODUCTO_ID) VALUES ('14517691699',52);
INSERT INTO JOIN_PRODUCTO_TO_BAR (BAR_ID,PRODUCTO_ID) VALUES ('14517691699',53);
INSERT INTO JOIN_PRODUCTO_TO_BAR (BAR_ID,PRODUCTO_ID) VALUES ('14517691699',54);
INSERT INTO JOIN_PRODUCTO_TO_BAR (BAR_ID,PRODUCTO_ID) VALUES ('14517691699',55);
INSERT INTO JOIN_PRODUCTO_TO_BAR (BAR_ID,PRODUCTO_ID) VALUES ('82325253499',56);
INSERT INTO JOIN_PRODUCTO_TO_BAR (BAR_ID,PRODUCTO_ID) VALUES ('82325253499',57);
INSERT INTO JOIN_PRODUCTO_TO_BAR (BAR_ID,PRODUCTO_ID) VALUES ('82325253499',58);
INSERT INTO JOIN_PRODUCTO_TO_BAR (BAR_ID,PRODUCTO_ID) VALUES ('82325253499',59);
INSERT INTO JOIN_PRODUCTO_TO_BAR (BAR_ID,PRODUCTO_ID) VALUES ('82325253499',60);
INSERT INTO JOIN_PRODUCTO_TO_BAR (BAR_ID,PRODUCTO_ID) VALUES ('83260606099',61);
INSERT INTO JOIN_PRODUCTO_TO_BAR (BAR_ID,PRODUCTO_ID) VALUES ('83260606099',62);
INSERT INTO JOIN_PRODUCTO_TO_BAR (BAR_ID,PRODUCTO_ID) VALUES ('83260606099',63);
INSERT INTO JOIN_PRODUCTO_TO_BAR (BAR_ID,PRODUCTO_ID) VALUES ('83260606099',64);
INSERT INTO JOIN_PRODUCTO_TO_BAR (BAR_ID,PRODUCTO_ID) VALUES ('83260606099',65);
INSERT INTO JOIN_PRODUCTO_TO_BAR (BAR_ID,PRODUCTO_ID) VALUES ('08660344699',66);
INSERT INTO JOIN_PRODUCTO_TO_BAR (BAR_ID,PRODUCTO_ID) VALUES ('08660344699',67);
INSERT INTO JOIN_PRODUCTO_TO_BAR (BAR_ID,PRODUCTO_ID) VALUES ('08660344699',68);
INSERT INTO JOIN_PRODUCTO_TO_BAR (BAR_ID,PRODUCTO_ID) VALUES ('08660344699',69);
INSERT INTO JOIN_PRODUCTO_TO_BAR (BAR_ID,PRODUCTO_ID) VALUES ('08660344699',70);
INSERT INTO JOIN_PRODUCTO_TO_BAR (BAR_ID,PRODUCTO_ID) VALUES ('79426399499',71);
INSERT INTO JOIN_PRODUCTO_TO_BAR (BAR_ID,PRODUCTO_ID) VALUES ('79426399499',72);
INSERT INTO JOIN_PRODUCTO_TO_BAR (BAR_ID,PRODUCTO_ID) VALUES ('79426399499',73);
INSERT INTO JOIN_PRODUCTO_TO_BAR (BAR_ID,PRODUCTO_ID) VALUES ('79426399499',74);
INSERT INTO JOIN_PRODUCTO_TO_BAR (BAR_ID,PRODUCTO_ID) VALUES ('79426399499',75);
INSERT INTO JOIN_PRODUCTO_TO_BAR (BAR_ID,PRODUCTO_ID) VALUES ('14517691699',76);
INSERT INTO JOIN_PRODUCTO_TO_BAR (BAR_ID,PRODUCTO_ID) VALUES ('14517691699',77);
INSERT INTO JOIN_PRODUCTO_TO_BAR (BAR_ID,PRODUCTO_ID) VALUES ('14517691699',78);
INSERT INTO JOIN_PRODUCTO_TO_BAR (BAR_ID,PRODUCTO_ID) VALUES ('14517691699',79);
INSERT INTO JOIN_PRODUCTO_TO_BAR (BAR_ID,PRODUCTO_ID) VALUES ('14517691699',80);
INSERT INTO JOIN_PRODUCTO_TO_BAR (BAR_ID,PRODUCTO_ID) VALUES ('82325253499',81);
INSERT INTO JOIN_PRODUCTO_TO_BAR (BAR_ID,PRODUCTO_ID) VALUES ('82325253499',82);
INSERT INTO JOIN_PRODUCTO_TO_BAR (BAR_ID,PRODUCTO_ID) VALUES ('82325253499',83);
INSERT INTO JOIN_PRODUCTO_TO_BAR (BAR_ID,PRODUCTO_ID) VALUES ('82325253499',84);
INSERT INTO JOIN_PRODUCTO_TO_BAR (BAR_ID,PRODUCTO_ID) VALUES ('82325253499',85);
INSERT INTO JOIN_PRODUCTO_TO_BAR (BAR_ID,PRODUCTO_ID) VALUES ('83260606099',86);
INSERT INTO JOIN_PRODUCTO_TO_BAR (BAR_ID,PRODUCTO_ID) VALUES ('83260606099',87);
INSERT INTO JOIN_PRODUCTO_TO_BAR (BAR_ID,PRODUCTO_ID) VALUES ('83260606099',88);
INSERT INTO JOIN_PRODUCTO_TO_BAR (BAR_ID,PRODUCTO_ID) VALUES ('83260606099',89);
INSERT INTO JOIN_PRODUCTO_TO_BAR (BAR_ID,PRODUCTO_ID) VALUES ('83260606099',90);
INSERT INTO JOIN_PRODUCTO_TO_BAR (BAR_ID,PRODUCTO_ID) VALUES ('08660344699',91);
INSERT INTO JOIN_PRODUCTO_TO_BAR (BAR_ID,PRODUCTO_ID) VALUES ('08660344699',92);
INSERT INTO JOIN_PRODUCTO_TO_BAR (BAR_ID,PRODUCTO_ID) VALUES ('08660344699',93);
INSERT INTO JOIN_PRODUCTO_TO_BAR (BAR_ID,PRODUCTO_ID) VALUES ('08660344699',94);
INSERT INTO JOIN_PRODUCTO_TO_BAR (BAR_ID,PRODUCTO_ID) VALUES ('08660344699',95);
INSERT INTO JOIN_PRODUCTO_TO_BAR (BAR_ID,PRODUCTO_ID) VALUES ('79426399499',96);
INSERT INTO JOIN_PRODUCTO_TO_BAR (BAR_ID,PRODUCTO_ID) VALUES ('79426399499',97);
INSERT INTO JOIN_PRODUCTO_TO_BAR (BAR_ID,PRODUCTO_ID) VALUES ('79426399499',98);
INSERT INTO JOIN_PRODUCTO_TO_BAR (BAR_ID,PRODUCTO_ID) VALUES ('79426399499',99);
INSERT INTO JOIN_PRODUCTO_TO_BAR (BAR_ID,PRODUCTO_ID) VALUES ('79426399499',100);
COMMIT;

--RESTAURANTES
INSERT INTO RESTAURANTE (ID,NOMBRE,CAPACIDAD,OCUPACION_ACTUAL,ESTILO,ID_HOTEL) VALUES ('16697628799','Erat Incorporated',30,17,'Integer','89973308199');
INSERT INTO RESTAURANTE (ID,NOMBRE,CAPACIDAD,OCUPACION_ACTUAL,ESTILO,ID_HOTEL) VALUES ('52329573699','Quisque Purus Associates',32,22,'parturient','89973308199');
INSERT INTO RESTAURANTE (ID,NOMBRE,CAPACIDAD,OCUPACION_ACTUAL,ESTILO,ID_HOTEL) VALUES ('62545732999','Pellentesque Corp.',61,5,'Nullam','89973308199');
INSERT INTO RESTAURANTE (ID,NOMBRE,CAPACIDAD,OCUPACION_ACTUAL,ESTILO,ID_HOTEL) VALUES ('51625831499','Etiam Ltd',40,17,'ligula.','55972974299');
INSERT INTO RESTAURANTE (ID,NOMBRE,CAPACIDAD,OCUPACION_ACTUAL,ESTILO,ID_HOTEL) VALUES ('15953162399','Curabitur PC',49,5,'amet,','55972974299');
INSERT INTO RESTAURANTE (ID,NOMBRE,CAPACIDAD,OCUPACION_ACTUAL,ESTILO,ID_HOTEL) VALUES ('76555494199','Ornare Libero At Inc.',49,24,'nunc,','55972974299');
INSERT INTO RESTAURANTE (ID,NOMBRE,CAPACIDAD,OCUPACION_ACTUAL,ESTILO,ID_HOTEL) VALUES ('91982777399','Non Magna Nam LLP',65,6,'elit.','46931651399');
INSERT INTO RESTAURANTE (ID,NOMBRE,CAPACIDAD,OCUPACION_ACTUAL,ESTILO,ID_HOTEL) VALUES ('23278059199','Sodales Corp.',78,9,'mattis.','46931651399');
INSERT INTO RESTAURANTE (ID,NOMBRE,CAPACIDAD,OCUPACION_ACTUAL,ESTILO,ID_HOTEL) VALUES ('14201797799','Lacus Corp.',75,17,'in','46931651399');
INSERT INTO RESTAURANTE (ID,NOMBRE,CAPACIDAD,OCUPACION_ACTUAL,ESTILO,ID_HOTEL) VALUES ('16703612199','Congue A Company',43,11,'sed','79294302099');
INSERT INTO RESTAURANTE (ID,NOMBRE,CAPACIDAD,OCUPACION_ACTUAL,ESTILO,ID_HOTEL) VALUES ('11477288499','Placerat Augue Sed Incorporated',49,21,'elit,','79294302099');
INSERT INTO RESTAURANTE (ID,NOMBRE,CAPACIDAD,OCUPACION_ACTUAL,ESTILO,ID_HOTEL) VALUES ('24769649299','Amet Nulla Donec Institute',33,7,'odio.','79294302099');
INSERT INTO RESTAURANTE (ID,NOMBRE,CAPACIDAD,OCUPACION_ACTUAL,ESTILO,ID_HOTEL) VALUES ('36501980699','Urna Corp.',33,8,'placerat','46882203999');
INSERT INTO RESTAURANTE (ID,NOMBRE,CAPACIDAD,OCUPACION_ACTUAL,ESTILO,ID_HOTEL) VALUES ('20749256499','Mauris Morbi Non Ltd',62,13,'orci','46882203999');
INSERT INTO RESTAURANTE (ID,NOMBRE,CAPACIDAD,OCUPACION_ACTUAL,ESTILO,ID_HOTEL) VALUES ('44651951399','Nunc Associates',63,21,'lorem.','46882203999');
COMMIT;

--PRODCUTOS RESTAURANTE
INSERT INTO PRODUCTO (ID,NOMBRE,COSTO) VALUES (101,'comida1',106);
INSERT INTO PRODUCTO (ID,NOMBRE,COSTO) VALUES (102,'comida2',120);
INSERT INTO PRODUCTO (ID,NOMBRE,COSTO) VALUES (103,'comida3',661);
INSERT INTO PRODUCTO (ID,NOMBRE,COSTO) VALUES (104,'comida4',629);
INSERT INTO PRODUCTO (ID,NOMBRE,COSTO) VALUES (105,'comida5',836);
INSERT INTO PRODUCTO (ID,NOMBRE,COSTO) VALUES (106,'comida6',866);
INSERT INTO PRODUCTO (ID,NOMBRE,COSTO) VALUES (107,'comida7',916);
INSERT INTO PRODUCTO (ID,NOMBRE,COSTO) VALUES (108,'comida8',804);
INSERT INTO PRODUCTO (ID,NOMBRE,COSTO) VALUES (109,'comida9',689);
INSERT INTO PRODUCTO (ID,NOMBRE,COSTO) VALUES (110,'comida10',324);
INSERT INTO PRODUCTO (ID,NOMBRE,COSTO) VALUES (111,'comida11',722);
INSERT INTO PRODUCTO (ID,NOMBRE,COSTO) VALUES (112,'comida12',913);
INSERT INTO PRODUCTO (ID,NOMBRE,COSTO) VALUES (113,'comida13',613);
INSERT INTO PRODUCTO (ID,NOMBRE,COSTO) VALUES (114,'comida14',761);
INSERT INTO PRODUCTO (ID,NOMBRE,COSTO) VALUES (115,'comida15',529);
INSERT INTO PRODUCTO (ID,NOMBRE,COSTO) VALUES (116,'comida16',752);
INSERT INTO PRODUCTO (ID,NOMBRE,COSTO) VALUES (117,'comida17',699);
INSERT INTO PRODUCTO (ID,NOMBRE,COSTO) VALUES (118,'comida18',878);
INSERT INTO PRODUCTO (ID,NOMBRE,COSTO) VALUES (119,'comida19',532);
INSERT INTO PRODUCTO (ID,NOMBRE,COSTO) VALUES (120,'comida20',190);
INSERT INTO PRODUCTO (ID,NOMBRE,COSTO) VALUES (121,'comida21',520);
INSERT INTO PRODUCTO (ID,NOMBRE,COSTO) VALUES (122,'comida22',842);
INSERT INTO PRODUCTO (ID,NOMBRE,COSTO) VALUES (123,'comida23',247);
INSERT INTO PRODUCTO (ID,NOMBRE,COSTO) VALUES (124,'comida24',253);
INSERT INTO PRODUCTO (ID,NOMBRE,COSTO) VALUES (125,'comida25',968);
INSERT INTO PRODUCTO (ID,NOMBRE,COSTO) VALUES (126,'comida26',812);
INSERT INTO PRODUCTO (ID,NOMBRE,COSTO) VALUES (127,'comida27',910);
INSERT INTO PRODUCTO (ID,NOMBRE,COSTO) VALUES (128,'comida28',420);
INSERT INTO PRODUCTO (ID,NOMBRE,COSTO) VALUES (129,'comida29',135);
INSERT INTO PRODUCTO (ID,NOMBRE,COSTO) VALUES (130,'comida30',622);
INSERT INTO PRODUCTO (ID,NOMBRE,COSTO) VALUES (131,'comida31',102);
INSERT INTO PRODUCTO (ID,NOMBRE,COSTO) VALUES (132,'comida32',581);
INSERT INTO PRODUCTO (ID,NOMBRE,COSTO) VALUES (133,'comida33',655);
INSERT INTO PRODUCTO (ID,NOMBRE,COSTO) VALUES (134,'comida34',507);
INSERT INTO PRODUCTO (ID,NOMBRE,COSTO) VALUES (135,'comida35',525);
INSERT INTO PRODUCTO (ID,NOMBRE,COSTO) VALUES (136,'comida36',817);
INSERT INTO PRODUCTO (ID,NOMBRE,COSTO) VALUES (137,'comida37',534);
INSERT INTO PRODUCTO (ID,NOMBRE,COSTO) VALUES (138,'comida38',765);
INSERT INTO PRODUCTO (ID,NOMBRE,COSTO) VALUES (139,'comida39',930);
INSERT INTO PRODUCTO (ID,NOMBRE,COSTO) VALUES (140,'comida40',412);
INSERT INTO PRODUCTO (ID,NOMBRE,COSTO) VALUES (141,'comida41',519);
INSERT INTO PRODUCTO (ID,NOMBRE,COSTO) VALUES (142,'comida42',865);
INSERT INTO PRODUCTO (ID,NOMBRE,COSTO) VALUES (143,'comida43',848);
INSERT INTO PRODUCTO (ID,NOMBRE,COSTO) VALUES (144,'comida44',690);
INSERT INTO PRODUCTO (ID,NOMBRE,COSTO) VALUES (145,'comida45',991);
INSERT INTO PRODUCTO (ID,NOMBRE,COSTO) VALUES (146,'comida46',617);
INSERT INTO PRODUCTO (ID,NOMBRE,COSTO) VALUES (147,'comida47',505);
INSERT INTO PRODUCTO (ID,NOMBRE,COSTO) VALUES (148,'comida48',623);
INSERT INTO PRODUCTO (ID,NOMBRE,COSTO) VALUES (149,'comida49',266);
INSERT INTO PRODUCTO (ID,NOMBRE,COSTO) VALUES (150,'comida50',163);
INSERT INTO PRODUCTO (ID,NOMBRE,COSTO) VALUES (151,'comida51',910);
INSERT INTO PRODUCTO (ID,NOMBRE,COSTO) VALUES (152,'comida52',831);
INSERT INTO PRODUCTO (ID,NOMBRE,COSTO) VALUES (153,'comida53',241);
INSERT INTO PRODUCTO (ID,NOMBRE,COSTO) VALUES (154,'comida54',435);
INSERT INTO PRODUCTO (ID,NOMBRE,COSTO) VALUES (155,'comida55',559);
INSERT INTO PRODUCTO (ID,NOMBRE,COSTO) VALUES (156,'comida56',583);
INSERT INTO PRODUCTO (ID,NOMBRE,COSTO) VALUES (157,'comida57',544);
INSERT INTO PRODUCTO (ID,NOMBRE,COSTO) VALUES (158,'comida58',858);
INSERT INTO PRODUCTO (ID,NOMBRE,COSTO) VALUES (159,'comida59',348);
INSERT INTO PRODUCTO (ID,NOMBRE,COSTO) VALUES (160,'comida60',353);
INSERT INTO PRODUCTO (ID,NOMBRE,COSTO) VALUES (161,'comida61',754);
INSERT INTO PRODUCTO (ID,NOMBRE,COSTO) VALUES (162,'comida62',935);
INSERT INTO PRODUCTO (ID,NOMBRE,COSTO) VALUES (163,'comida63',713);
INSERT INTO PRODUCTO (ID,NOMBRE,COSTO) VALUES (164,'comida64',112);
INSERT INTO PRODUCTO (ID,NOMBRE,COSTO) VALUES (165,'comida65',312);
INSERT INTO PRODUCTO (ID,NOMBRE,COSTO) VALUES (166,'comida66',619);
INSERT INTO PRODUCTO (ID,NOMBRE,COSTO) VALUES (167,'comida67',762);
INSERT INTO PRODUCTO (ID,NOMBRE,COSTO) VALUES (168,'comida68',286);
INSERT INTO PRODUCTO (ID,NOMBRE,COSTO) VALUES (169,'comida69',454);
INSERT INTO PRODUCTO (ID,NOMBRE,COSTO) VALUES (170,'comida70',544);
INSERT INTO PRODUCTO (ID,NOMBRE,COSTO) VALUES (171,'comida71',897);
INSERT INTO PRODUCTO (ID,NOMBRE,COSTO) VALUES (172,'comida72',383);
INSERT INTO PRODUCTO (ID,NOMBRE,COSTO) VALUES (173,'comida73',684);
INSERT INTO PRODUCTO (ID,NOMBRE,COSTO) VALUES (174,'comida74',620);
INSERT INTO PRODUCTO (ID,NOMBRE,COSTO) VALUES (175,'comida75',286);
INSERT INTO PRODUCTO (ID,NOMBRE,COSTO) VALUES (176,'comida76',655);
INSERT INTO PRODUCTO (ID,NOMBRE,COSTO) VALUES (177,'comida77',515);
INSERT INTO PRODUCTO (ID,NOMBRE,COSTO) VALUES (178,'comida78',338);
INSERT INTO PRODUCTO (ID,NOMBRE,COSTO) VALUES (179,'comida79',372);
INSERT INTO PRODUCTO (ID,NOMBRE,COSTO) VALUES (180,'comida80',348);
INSERT INTO PRODUCTO (ID,NOMBRE,COSTO) VALUES (181,'comida81',820);
INSERT INTO PRODUCTO (ID,NOMBRE,COSTO) VALUES (182,'comida82',277);
INSERT INTO PRODUCTO (ID,NOMBRE,COSTO) VALUES (183,'comida83',513);
INSERT INTO PRODUCTO (ID,NOMBRE,COSTO) VALUES (184,'comida84',961);
INSERT INTO PRODUCTO (ID,NOMBRE,COSTO) VALUES (185,'comida85',746);
INSERT INTO PRODUCTO (ID,NOMBRE,COSTO) VALUES (186,'comida86',987);
INSERT INTO PRODUCTO (ID,NOMBRE,COSTO) VALUES (187,'comida87',120);
INSERT INTO PRODUCTO (ID,NOMBRE,COSTO) VALUES (188,'comida88',231);
INSERT INTO PRODUCTO (ID,NOMBRE,COSTO) VALUES (189,'comida89',859);
INSERT INTO PRODUCTO (ID,NOMBRE,COSTO) VALUES (190,'comida90',256);
INSERT INTO PRODUCTO (ID,NOMBRE,COSTO) VALUES (191,'comida91',845);
INSERT INTO PRODUCTO (ID,NOMBRE,COSTO) VALUES (192,'comida92',332);
INSERT INTO PRODUCTO (ID,NOMBRE,COSTO) VALUES (193,'comida93',417);
INSERT INTO PRODUCTO (ID,NOMBRE,COSTO) VALUES (194,'comida94',480);
INSERT INTO PRODUCTO (ID,NOMBRE,COSTO) VALUES (195,'comida95',564);
INSERT INTO PRODUCTO (ID,NOMBRE,COSTO) VALUES (196,'comida96',152);
INSERT INTO PRODUCTO (ID,NOMBRE,COSTO) VALUES (197,'comida97',378);
INSERT INTO PRODUCTO (ID,NOMBRE,COSTO) VALUES (198,'comida98',334);
INSERT INTO PRODUCTO (ID,NOMBRE,COSTO) VALUES (199,'comida99',301);
INSERT INTO PRODUCTO (ID,NOMBRE,COSTO) VALUES (200,'comida100',119);
INSERT INTO PRODUCTO (ID,NOMBRE,COSTO) VALUES (201,'comida101',235);
INSERT INTO PRODUCTO (ID,NOMBRE,COSTO) VALUES (202,'comida102',551);
INSERT INTO PRODUCTO (ID,NOMBRE,COSTO) VALUES (203,'comida103',466);
INSERT INTO PRODUCTO (ID,NOMBRE,COSTO) VALUES (204,'comida104',427);
INSERT INTO PRODUCTO (ID,NOMBRE,COSTO) VALUES (205,'comida105',776);
INSERT INTO PRODUCTO (ID,NOMBRE,COSTO) VALUES (206,'comida106',543);
INSERT INTO PRODUCTO (ID,NOMBRE,COSTO) VALUES (207,'comida107',325);
INSERT INTO PRODUCTO (ID,NOMBRE,COSTO) VALUES (208,'comida108',598);
INSERT INTO PRODUCTO (ID,NOMBRE,COSTO) VALUES (209,'comida109',621);
INSERT INTO PRODUCTO (ID,NOMBRE,COSTO) VALUES (210,'comida110',964);
INSERT INTO PRODUCTO (ID,NOMBRE,COSTO) VALUES (211,'comida111',557);
INSERT INTO PRODUCTO (ID,NOMBRE,COSTO) VALUES (212,'comida112',680);
INSERT INTO PRODUCTO (ID,NOMBRE,COSTO) VALUES (213,'comida113',634);
INSERT INTO PRODUCTO (ID,NOMBRE,COSTO) VALUES (214,'comida114',289);
INSERT INTO PRODUCTO (ID,NOMBRE,COSTO) VALUES (215,'comida115',111);
INSERT INTO PRODUCTO (ID,NOMBRE,COSTO) VALUES (216,'comida116',785);
INSERT INTO PRODUCTO (ID,NOMBRE,COSTO) VALUES (217,'comida117',194);
INSERT INTO PRODUCTO (ID,NOMBRE,COSTO) VALUES (218,'comida118',937);
INSERT INTO PRODUCTO (ID,NOMBRE,COSTO) VALUES (219,'comida119',790);
INSERT INTO PRODUCTO (ID,NOMBRE,COSTO) VALUES (220,'comida120',509);
INSERT INTO PRODUCTO (ID,NOMBRE,COSTO) VALUES (221,'comida121',800);
INSERT INTO PRODUCTO (ID,NOMBRE,COSTO) VALUES (222,'comida122',916);
INSERT INTO PRODUCTO (ID,NOMBRE,COSTO) VALUES (223,'comida123',344);
INSERT INTO PRODUCTO (ID,NOMBRE,COSTO) VALUES (224,'comida124',548);
INSERT INTO PRODUCTO (ID,NOMBRE,COSTO) VALUES (225,'comida125',177);
INSERT INTO PRODUCTO (ID,NOMBRE,COSTO) VALUES (226,'comida126',301);
INSERT INTO PRODUCTO (ID,NOMBRE,COSTO) VALUES (227,'comida127',589);
INSERT INTO PRODUCTO (ID,NOMBRE,COSTO) VALUES (228,'comida128',559);
INSERT INTO PRODUCTO (ID,NOMBRE,COSTO) VALUES (229,'comida129',621);
INSERT INTO PRODUCTO (ID,NOMBRE,COSTO) VALUES (230,'comida130',331);
INSERT INTO PRODUCTO (ID,NOMBRE,COSTO) VALUES (231,'comida131',122);
INSERT INTO PRODUCTO (ID,NOMBRE,COSTO) VALUES (232,'comida132',179);
INSERT INTO PRODUCTO (ID,NOMBRE,COSTO) VALUES (233,'comida133',687);
INSERT INTO PRODUCTO (ID,NOMBRE,COSTO) VALUES (234,'comida134',964);
INSERT INTO PRODUCTO (ID,NOMBRE,COSTO) VALUES (235,'comida135',939);
INSERT INTO PRODUCTO (ID,NOMBRE,COSTO) VALUES (236,'comida136',283);
INSERT INTO PRODUCTO (ID,NOMBRE,COSTO) VALUES (237,'comida137',147);
INSERT INTO PRODUCTO (ID,NOMBRE,COSTO) VALUES (238,'comida138',731);
INSERT INTO PRODUCTO (ID,NOMBRE,COSTO) VALUES (239,'comida139',168);
INSERT INTO PRODUCTO (ID,NOMBRE,COSTO) VALUES (240,'comida140',783);
INSERT INTO PRODUCTO (ID,NOMBRE,COSTO) VALUES (241,'comida141',693);
INSERT INTO PRODUCTO (ID,NOMBRE,COSTO) VALUES (242,'comida142',484);
INSERT INTO PRODUCTO (ID,NOMBRE,COSTO) VALUES (243,'comida143',873);
INSERT INTO PRODUCTO (ID,NOMBRE,COSTO) VALUES (244,'comida144',806);
INSERT INTO PRODUCTO (ID,NOMBRE,COSTO) VALUES (245,'comida145',350);
INSERT INTO PRODUCTO (ID,NOMBRE,COSTO) VALUES (246,'comida146',716);
INSERT INTO PRODUCTO (ID,NOMBRE,COSTO) VALUES (247,'comida147',988);
INSERT INTO PRODUCTO (ID,NOMBRE,COSTO) VALUES (248,'comida148',742);
INSERT INTO PRODUCTO (ID,NOMBRE,COSTO) VALUES (249,'comida149',816);
INSERT INTO PRODUCTO (ID,NOMBRE,COSTO) VALUES (250,'comida150',549);
INSERT INTO PRODUCTO (ID,NOMBRE,COSTO) VALUES (251,'comida151',774);
INSERT INTO PRODUCTO (ID,NOMBRE,COSTO) VALUES (252,'comida152',273);
INSERT INTO PRODUCTO (ID,NOMBRE,COSTO) VALUES (253,'comida153',561);
INSERT INTO PRODUCTO (ID,NOMBRE,COSTO) VALUES (254,'comida154',652);
INSERT INTO PRODUCTO (ID,NOMBRE,COSTO) VALUES (255,'comida155',594);
INSERT INTO PRODUCTO (ID,NOMBRE,COSTO) VALUES (256,'comida156',718);
INSERT INTO PRODUCTO (ID,NOMBRE,COSTO) VALUES (257,'comida157',812);
INSERT INTO PRODUCTO (ID,NOMBRE,COSTO) VALUES (258,'comida158',755);
INSERT INTO PRODUCTO (ID,NOMBRE,COSTO) VALUES (259,'comida159',167);
INSERT INTO PRODUCTO (ID,NOMBRE,COSTO) VALUES (260,'comida160',910);
INSERT INTO PRODUCTO (ID,NOMBRE,COSTO) VALUES (261,'comida161',626);
INSERT INTO PRODUCTO (ID,NOMBRE,COSTO) VALUES (262,'comida162',445);
INSERT INTO PRODUCTO (ID,NOMBRE,COSTO) VALUES (263,'comida163',576);
INSERT INTO PRODUCTO (ID,NOMBRE,COSTO) VALUES (264,'comida164',176);
INSERT INTO PRODUCTO (ID,NOMBRE,COSTO) VALUES (265,'comida165',466);
INSERT INTO PRODUCTO (ID,NOMBRE,COSTO) VALUES (266,'comida166',505);
INSERT INTO PRODUCTO (ID,NOMBRE,COSTO) VALUES (267,'comida167',937);
INSERT INTO PRODUCTO (ID,NOMBRE,COSTO) VALUES (268,'comida168',423);
INSERT INTO PRODUCTO (ID,NOMBRE,COSTO) VALUES (269,'comida169',330);
INSERT INTO PRODUCTO (ID,NOMBRE,COSTO) VALUES (270,'comida170',447);
INSERT INTO PRODUCTO (ID,NOMBRE,COSTO) VALUES (271,'comida171',978);
INSERT INTO PRODUCTO (ID,NOMBRE,COSTO) VALUES (272,'comida172',481);
INSERT INTO PRODUCTO (ID,NOMBRE,COSTO) VALUES (273,'comida173',371);
INSERT INTO PRODUCTO (ID,NOMBRE,COSTO) VALUES (274,'comida174',193);
INSERT INTO PRODUCTO (ID,NOMBRE,COSTO) VALUES (275,'comida175',589);
INSERT INTO PRODUCTO (ID,NOMBRE,COSTO) VALUES (276,'comida176',880);
INSERT INTO PRODUCTO (ID,NOMBRE,COSTO) VALUES (277,'comida177',782);
INSERT INTO PRODUCTO (ID,NOMBRE,COSTO) VALUES (278,'comida178',611);
INSERT INTO PRODUCTO (ID,NOMBRE,COSTO) VALUES (279,'comida179',534);
INSERT INTO PRODUCTO (ID,NOMBRE,COSTO) VALUES (280,'comida180',667);
INSERT INTO PRODUCTO (ID,NOMBRE,COSTO) VALUES (281,'comida181',620);
INSERT INTO PRODUCTO (ID,NOMBRE,COSTO) VALUES (282,'comida182',174);
INSERT INTO PRODUCTO (ID,NOMBRE,COSTO) VALUES (283,'comida183',427);
INSERT INTO PRODUCTO (ID,NOMBRE,COSTO) VALUES (284,'comida184',818);
INSERT INTO PRODUCTO (ID,NOMBRE,COSTO) VALUES (285,'comida185',145);
INSERT INTO PRODUCTO (ID,NOMBRE,COSTO) VALUES (286,'comida186',629);
INSERT INTO PRODUCTO (ID,NOMBRE,COSTO) VALUES (287,'comida187',866);
INSERT INTO PRODUCTO (ID,NOMBRE,COSTO) VALUES (288,'comida188',153);
INSERT INTO PRODUCTO (ID,NOMBRE,COSTO) VALUES (289,'comida189',915);
INSERT INTO PRODUCTO (ID,NOMBRE,COSTO) VALUES (290,'comida190',743);
INSERT INTO PRODUCTO (ID,NOMBRE,COSTO) VALUES (291,'comida191',849);
INSERT INTO PRODUCTO (ID,NOMBRE,COSTO) VALUES (292,'comida192',242);
INSERT INTO PRODUCTO (ID,NOMBRE,COSTO) VALUES (293,'comida193',147);
INSERT INTO PRODUCTO (ID,NOMBRE,COSTO) VALUES (294,'comida194',834);
INSERT INTO PRODUCTO (ID,NOMBRE,COSTO) VALUES (295,'comida195',451);
INSERT INTO PRODUCTO (ID,NOMBRE,COSTO) VALUES (296,'comida196',237);
INSERT INTO PRODUCTO (ID,NOMBRE,COSTO) VALUES (297,'comida197',635);
INSERT INTO PRODUCTO (ID,NOMBRE,COSTO) VALUES (298,'comida198',869);
INSERT INTO PRODUCTO (ID,NOMBRE,COSTO) VALUES (299,'comida199',556);
INSERT INTO PRODUCTO (ID,NOMBRE,COSTO) VALUES (300,'comida200',884);
COMMIT;

--JOIN PRODUCTO RESTAURANTE
INSERT INTO JOIN_PRODUCTO_TO_RESTAURANTE (RESTAURANTE_ID,PRODUCTO_ID) VALUES ('16697628799',101);
INSERT INTO JOIN_PRODUCTO_TO_RESTAURANTE (RESTAURANTE_ID,PRODUCTO_ID) VALUES ('16697628799',102);
INSERT INTO JOIN_PRODUCTO_TO_RESTAURANTE (RESTAURANTE_ID,PRODUCTO_ID) VALUES ('16697628799',103);
INSERT INTO JOIN_PRODUCTO_TO_RESTAURANTE (RESTAURANTE_ID,PRODUCTO_ID) VALUES ('16697628799',104);
INSERT INTO JOIN_PRODUCTO_TO_RESTAURANTE (RESTAURANTE_ID,PRODUCTO_ID) VALUES ('16697628799',105);
INSERT INTO JOIN_PRODUCTO_TO_RESTAURANTE (RESTAURANTE_ID,PRODUCTO_ID) VALUES ('52329573699',106);
INSERT INTO JOIN_PRODUCTO_TO_RESTAURANTE (RESTAURANTE_ID,PRODUCTO_ID) VALUES ('52329573699',107);
INSERT INTO JOIN_PRODUCTO_TO_RESTAURANTE (RESTAURANTE_ID,PRODUCTO_ID) VALUES ('52329573699',108);
INSERT INTO JOIN_PRODUCTO_TO_RESTAURANTE (RESTAURANTE_ID,PRODUCTO_ID) VALUES ('52329573699',109);
INSERT INTO JOIN_PRODUCTO_TO_RESTAURANTE (RESTAURANTE_ID,PRODUCTO_ID) VALUES ('52329573699',110);
INSERT INTO JOIN_PRODUCTO_TO_RESTAURANTE (RESTAURANTE_ID,PRODUCTO_ID) VALUES ('62545732999',111);
INSERT INTO JOIN_PRODUCTO_TO_RESTAURANTE (RESTAURANTE_ID,PRODUCTO_ID) VALUES ('62545732999',112);
INSERT INTO JOIN_PRODUCTO_TO_RESTAURANTE (RESTAURANTE_ID,PRODUCTO_ID) VALUES ('62545732999',113);
INSERT INTO JOIN_PRODUCTO_TO_RESTAURANTE (RESTAURANTE_ID,PRODUCTO_ID) VALUES ('62545732999',114);
INSERT INTO JOIN_PRODUCTO_TO_RESTAURANTE (RESTAURANTE_ID,PRODUCTO_ID) VALUES ('62545732999',115);
INSERT INTO JOIN_PRODUCTO_TO_RESTAURANTE (RESTAURANTE_ID,PRODUCTO_ID) VALUES ('51625831499',116);
INSERT INTO JOIN_PRODUCTO_TO_RESTAURANTE (RESTAURANTE_ID,PRODUCTO_ID) VALUES ('51625831499',117);
INSERT INTO JOIN_PRODUCTO_TO_RESTAURANTE (RESTAURANTE_ID,PRODUCTO_ID) VALUES ('51625831499',118);
INSERT INTO JOIN_PRODUCTO_TO_RESTAURANTE (RESTAURANTE_ID,PRODUCTO_ID) VALUES ('51625831499',119);
INSERT INTO JOIN_PRODUCTO_TO_RESTAURANTE (RESTAURANTE_ID,PRODUCTO_ID) VALUES ('51625831499',120);
INSERT INTO JOIN_PRODUCTO_TO_RESTAURANTE (RESTAURANTE_ID,PRODUCTO_ID) VALUES ('15953162399',121);
INSERT INTO JOIN_PRODUCTO_TO_RESTAURANTE (RESTAURANTE_ID,PRODUCTO_ID) VALUES ('15953162399',122);
INSERT INTO JOIN_PRODUCTO_TO_RESTAURANTE (RESTAURANTE_ID,PRODUCTO_ID) VALUES ('15953162399',123);
INSERT INTO JOIN_PRODUCTO_TO_RESTAURANTE (RESTAURANTE_ID,PRODUCTO_ID) VALUES ('15953162399',124);
INSERT INTO JOIN_PRODUCTO_TO_RESTAURANTE (RESTAURANTE_ID,PRODUCTO_ID) VALUES ('15953162399',125);
INSERT INTO JOIN_PRODUCTO_TO_RESTAURANTE (RESTAURANTE_ID,PRODUCTO_ID) VALUES ('16697628799',126);
INSERT INTO JOIN_PRODUCTO_TO_RESTAURANTE (RESTAURANTE_ID,PRODUCTO_ID) VALUES ('16697628799',127);
INSERT INTO JOIN_PRODUCTO_TO_RESTAURANTE (RESTAURANTE_ID,PRODUCTO_ID) VALUES ('16697628799',128);
INSERT INTO JOIN_PRODUCTO_TO_RESTAURANTE (RESTAURANTE_ID,PRODUCTO_ID) VALUES ('16697628799',129);
INSERT INTO JOIN_PRODUCTO_TO_RESTAURANTE (RESTAURANTE_ID,PRODUCTO_ID) VALUES ('16697628799',130);
INSERT INTO JOIN_PRODUCTO_TO_RESTAURANTE (RESTAURANTE_ID,PRODUCTO_ID) VALUES ('52329573699',131);
INSERT INTO JOIN_PRODUCTO_TO_RESTAURANTE (RESTAURANTE_ID,PRODUCTO_ID) VALUES ('52329573699',132);
INSERT INTO JOIN_PRODUCTO_TO_RESTAURANTE (RESTAURANTE_ID,PRODUCTO_ID) VALUES ('52329573699',133);
INSERT INTO JOIN_PRODUCTO_TO_RESTAURANTE (RESTAURANTE_ID,PRODUCTO_ID) VALUES ('52329573699',134);
INSERT INTO JOIN_PRODUCTO_TO_RESTAURANTE (RESTAURANTE_ID,PRODUCTO_ID) VALUES ('52329573699',135);
INSERT INTO JOIN_PRODUCTO_TO_RESTAURANTE (RESTAURANTE_ID,PRODUCTO_ID) VALUES ('62545732999',136);
INSERT INTO JOIN_PRODUCTO_TO_RESTAURANTE (RESTAURANTE_ID,PRODUCTO_ID) VALUES ('62545732999',137);
INSERT INTO JOIN_PRODUCTO_TO_RESTAURANTE (RESTAURANTE_ID,PRODUCTO_ID) VALUES ('62545732999',138);
INSERT INTO JOIN_PRODUCTO_TO_RESTAURANTE (RESTAURANTE_ID,PRODUCTO_ID) VALUES ('62545732999',139);
INSERT INTO JOIN_PRODUCTO_TO_RESTAURANTE (RESTAURANTE_ID,PRODUCTO_ID) VALUES ('62545732999',140);
INSERT INTO JOIN_PRODUCTO_TO_RESTAURANTE (RESTAURANTE_ID,PRODUCTO_ID) VALUES ('51625831499',141);
INSERT INTO JOIN_PRODUCTO_TO_RESTAURANTE (RESTAURANTE_ID,PRODUCTO_ID) VALUES ('51625831499',142);
INSERT INTO JOIN_PRODUCTO_TO_RESTAURANTE (RESTAURANTE_ID,PRODUCTO_ID) VALUES ('51625831499',143);
INSERT INTO JOIN_PRODUCTO_TO_RESTAURANTE (RESTAURANTE_ID,PRODUCTO_ID) VALUES ('51625831499',144);
INSERT INTO JOIN_PRODUCTO_TO_RESTAURANTE (RESTAURANTE_ID,PRODUCTO_ID) VALUES ('51625831499',145);
INSERT INTO JOIN_PRODUCTO_TO_RESTAURANTE (RESTAURANTE_ID,PRODUCTO_ID) VALUES ('15953162399',146);
INSERT INTO JOIN_PRODUCTO_TO_RESTAURANTE (RESTAURANTE_ID,PRODUCTO_ID) VALUES ('15953162399',147);
INSERT INTO JOIN_PRODUCTO_TO_RESTAURANTE (RESTAURANTE_ID,PRODUCTO_ID) VALUES ('15953162399',148);
INSERT INTO JOIN_PRODUCTO_TO_RESTAURANTE (RESTAURANTE_ID,PRODUCTO_ID) VALUES ('15953162399',149);
INSERT INTO JOIN_PRODUCTO_TO_RESTAURANTE (RESTAURANTE_ID,PRODUCTO_ID) VALUES ('15953162399',150);
INSERT INTO JOIN_PRODUCTO_TO_RESTAURANTE (RESTAURANTE_ID,PRODUCTO_ID) VALUES ('16697628799',151);
INSERT INTO JOIN_PRODUCTO_TO_RESTAURANTE (RESTAURANTE_ID,PRODUCTO_ID) VALUES ('16697628799',152);
INSERT INTO JOIN_PRODUCTO_TO_RESTAURANTE (RESTAURANTE_ID,PRODUCTO_ID) VALUES ('16697628799',153);
INSERT INTO JOIN_PRODUCTO_TO_RESTAURANTE (RESTAURANTE_ID,PRODUCTO_ID) VALUES ('16697628799',154);
INSERT INTO JOIN_PRODUCTO_TO_RESTAURANTE (RESTAURANTE_ID,PRODUCTO_ID) VALUES ('16697628799',155);
INSERT INTO JOIN_PRODUCTO_TO_RESTAURANTE (RESTAURANTE_ID,PRODUCTO_ID) VALUES ('52329573699',156);
INSERT INTO JOIN_PRODUCTO_TO_RESTAURANTE (RESTAURANTE_ID,PRODUCTO_ID) VALUES ('52329573699',157);
INSERT INTO JOIN_PRODUCTO_TO_RESTAURANTE (RESTAURANTE_ID,PRODUCTO_ID) VALUES ('52329573699',158);
INSERT INTO JOIN_PRODUCTO_TO_RESTAURANTE (RESTAURANTE_ID,PRODUCTO_ID) VALUES ('52329573699',159);
INSERT INTO JOIN_PRODUCTO_TO_RESTAURANTE (RESTAURANTE_ID,PRODUCTO_ID) VALUES ('52329573699',160);
INSERT INTO JOIN_PRODUCTO_TO_RESTAURANTE (RESTAURANTE_ID,PRODUCTO_ID) VALUES ('62545732999',161);
INSERT INTO JOIN_PRODUCTO_TO_RESTAURANTE (RESTAURANTE_ID,PRODUCTO_ID) VALUES ('62545732999',162);
INSERT INTO JOIN_PRODUCTO_TO_RESTAURANTE (RESTAURANTE_ID,PRODUCTO_ID) VALUES ('62545732999',163);
INSERT INTO JOIN_PRODUCTO_TO_RESTAURANTE (RESTAURANTE_ID,PRODUCTO_ID) VALUES ('62545732999',164);
INSERT INTO JOIN_PRODUCTO_TO_RESTAURANTE (RESTAURANTE_ID,PRODUCTO_ID) VALUES ('62545732999',165);
INSERT INTO JOIN_PRODUCTO_TO_RESTAURANTE (RESTAURANTE_ID,PRODUCTO_ID) VALUES ('51625831499',166);
INSERT INTO JOIN_PRODUCTO_TO_RESTAURANTE (RESTAURANTE_ID,PRODUCTO_ID) VALUES ('51625831499',167);
INSERT INTO JOIN_PRODUCTO_TO_RESTAURANTE (RESTAURANTE_ID,PRODUCTO_ID) VALUES ('51625831499',168);
INSERT INTO JOIN_PRODUCTO_TO_RESTAURANTE (RESTAURANTE_ID,PRODUCTO_ID) VALUES ('51625831499',169);
INSERT INTO JOIN_PRODUCTO_TO_RESTAURANTE (RESTAURANTE_ID,PRODUCTO_ID) VALUES ('51625831499',170);
INSERT INTO JOIN_PRODUCTO_TO_RESTAURANTE (RESTAURANTE_ID,PRODUCTO_ID) VALUES ('15953162399',171);
INSERT INTO JOIN_PRODUCTO_TO_RESTAURANTE (RESTAURANTE_ID,PRODUCTO_ID) VALUES ('15953162399',172);
INSERT INTO JOIN_PRODUCTO_TO_RESTAURANTE (RESTAURANTE_ID,PRODUCTO_ID) VALUES ('15953162399',173);
INSERT INTO JOIN_PRODUCTO_TO_RESTAURANTE (RESTAURANTE_ID,PRODUCTO_ID) VALUES ('15953162399',174);
INSERT INTO JOIN_PRODUCTO_TO_RESTAURANTE (RESTAURANTE_ID,PRODUCTO_ID) VALUES ('15953162399',175);
INSERT INTO JOIN_PRODUCTO_TO_RESTAURANTE (RESTAURANTE_ID,PRODUCTO_ID) VALUES ('16697628799',176);
INSERT INTO JOIN_PRODUCTO_TO_RESTAURANTE (RESTAURANTE_ID,PRODUCTO_ID) VALUES ('16697628799',177);
INSERT INTO JOIN_PRODUCTO_TO_RESTAURANTE (RESTAURANTE_ID,PRODUCTO_ID) VALUES ('16697628799',178);
INSERT INTO JOIN_PRODUCTO_TO_RESTAURANTE (RESTAURANTE_ID,PRODUCTO_ID) VALUES ('16697628799',179);
INSERT INTO JOIN_PRODUCTO_TO_RESTAURANTE (RESTAURANTE_ID,PRODUCTO_ID) VALUES ('16697628799',180);
INSERT INTO JOIN_PRODUCTO_TO_RESTAURANTE (RESTAURANTE_ID,PRODUCTO_ID) VALUES ('52329573699',181);
INSERT INTO JOIN_PRODUCTO_TO_RESTAURANTE (RESTAURANTE_ID,PRODUCTO_ID) VALUES ('52329573699',182);
INSERT INTO JOIN_PRODUCTO_TO_RESTAURANTE (RESTAURANTE_ID,PRODUCTO_ID) VALUES ('52329573699',183);
INSERT INTO JOIN_PRODUCTO_TO_RESTAURANTE (RESTAURANTE_ID,PRODUCTO_ID) VALUES ('52329573699',184);
INSERT INTO JOIN_PRODUCTO_TO_RESTAURANTE (RESTAURANTE_ID,PRODUCTO_ID) VALUES ('52329573699',185);
INSERT INTO JOIN_PRODUCTO_TO_RESTAURANTE (RESTAURANTE_ID,PRODUCTO_ID) VALUES ('62545732999',186);
INSERT INTO JOIN_PRODUCTO_TO_RESTAURANTE (RESTAURANTE_ID,PRODUCTO_ID) VALUES ('62545732999',187);
INSERT INTO JOIN_PRODUCTO_TO_RESTAURANTE (RESTAURANTE_ID,PRODUCTO_ID) VALUES ('62545732999',188);
INSERT INTO JOIN_PRODUCTO_TO_RESTAURANTE (RESTAURANTE_ID,PRODUCTO_ID) VALUES ('62545732999',189);
INSERT INTO JOIN_PRODUCTO_TO_RESTAURANTE (RESTAURANTE_ID,PRODUCTO_ID) VALUES ('62545732999',190);
INSERT INTO JOIN_PRODUCTO_TO_RESTAURANTE (RESTAURANTE_ID,PRODUCTO_ID) VALUES ('51625831499',191);
INSERT INTO JOIN_PRODUCTO_TO_RESTAURANTE (RESTAURANTE_ID,PRODUCTO_ID) VALUES ('51625831499',192);
INSERT INTO JOIN_PRODUCTO_TO_RESTAURANTE (RESTAURANTE_ID,PRODUCTO_ID) VALUES ('51625831499',193);
INSERT INTO JOIN_PRODUCTO_TO_RESTAURANTE (RESTAURANTE_ID,PRODUCTO_ID) VALUES ('51625831499',194);
INSERT INTO JOIN_PRODUCTO_TO_RESTAURANTE (RESTAURANTE_ID,PRODUCTO_ID) VALUES ('51625831499',195);
INSERT INTO JOIN_PRODUCTO_TO_RESTAURANTE (RESTAURANTE_ID,PRODUCTO_ID) VALUES ('15953162399',196);
INSERT INTO JOIN_PRODUCTO_TO_RESTAURANTE (RESTAURANTE_ID,PRODUCTO_ID) VALUES ('15953162399',197);
INSERT INTO JOIN_PRODUCTO_TO_RESTAURANTE (RESTAURANTE_ID,PRODUCTO_ID) VALUES ('15953162399',198);
INSERT INTO JOIN_PRODUCTO_TO_RESTAURANTE (RESTAURANTE_ID,PRODUCTO_ID) VALUES ('15953162399',199);
INSERT INTO JOIN_PRODUCTO_TO_RESTAURANTE (RESTAURANTE_ID,PRODUCTO_ID) VALUES ('15953162399',200);
INSERT INTO JOIN_PRODUCTO_TO_RESTAURANTE (RESTAURANTE_ID,PRODUCTO_ID) VALUES ('76555494199',101);
INSERT INTO JOIN_PRODUCTO_TO_RESTAURANTE (RESTAURANTE_ID,PRODUCTO_ID) VALUES ('76555494199',102);
INSERT INTO JOIN_PRODUCTO_TO_RESTAURANTE (RESTAURANTE_ID,PRODUCTO_ID) VALUES ('76555494199',103);
INSERT INTO JOIN_PRODUCTO_TO_RESTAURANTE (RESTAURANTE_ID,PRODUCTO_ID) VALUES ('76555494199',104);
INSERT INTO JOIN_PRODUCTO_TO_RESTAURANTE (RESTAURANTE_ID,PRODUCTO_ID) VALUES ('76555494199',105);
INSERT INTO JOIN_PRODUCTO_TO_RESTAURANTE (RESTAURANTE_ID,PRODUCTO_ID) VALUES ('91982777399',106);
INSERT INTO JOIN_PRODUCTO_TO_RESTAURANTE (RESTAURANTE_ID,PRODUCTO_ID) VALUES ('91982777399',107);
INSERT INTO JOIN_PRODUCTO_TO_RESTAURANTE (RESTAURANTE_ID,PRODUCTO_ID) VALUES ('91982777399',108);
INSERT INTO JOIN_PRODUCTO_TO_RESTAURANTE (RESTAURANTE_ID,PRODUCTO_ID) VALUES ('91982777399',109);
INSERT INTO JOIN_PRODUCTO_TO_RESTAURANTE (RESTAURANTE_ID,PRODUCTO_ID) VALUES ('91982777399',110);
INSERT INTO JOIN_PRODUCTO_TO_RESTAURANTE (RESTAURANTE_ID,PRODUCTO_ID) VALUES ('23278059199',111);
INSERT INTO JOIN_PRODUCTO_TO_RESTAURANTE (RESTAURANTE_ID,PRODUCTO_ID) VALUES ('23278059199',112);
INSERT INTO JOIN_PRODUCTO_TO_RESTAURANTE (RESTAURANTE_ID,PRODUCTO_ID) VALUES ('23278059199',113);
INSERT INTO JOIN_PRODUCTO_TO_RESTAURANTE (RESTAURANTE_ID,PRODUCTO_ID) VALUES ('23278059199',114);
INSERT INTO JOIN_PRODUCTO_TO_RESTAURANTE (RESTAURANTE_ID,PRODUCTO_ID) VALUES ('23278059199',115);
INSERT INTO JOIN_PRODUCTO_TO_RESTAURANTE (RESTAURANTE_ID,PRODUCTO_ID) VALUES ('14201797799',116);
INSERT INTO JOIN_PRODUCTO_TO_RESTAURANTE (RESTAURANTE_ID,PRODUCTO_ID) VALUES ('14201797799',117);
INSERT INTO JOIN_PRODUCTO_TO_RESTAURANTE (RESTAURANTE_ID,PRODUCTO_ID) VALUES ('14201797799',118);
INSERT INTO JOIN_PRODUCTO_TO_RESTAURANTE (RESTAURANTE_ID,PRODUCTO_ID) VALUES ('14201797799',119);
INSERT INTO JOIN_PRODUCTO_TO_RESTAURANTE (RESTAURANTE_ID,PRODUCTO_ID) VALUES ('14201797799',120);
INSERT INTO JOIN_PRODUCTO_TO_RESTAURANTE (RESTAURANTE_ID,PRODUCTO_ID) VALUES ('16703612199',121);
INSERT INTO JOIN_PRODUCTO_TO_RESTAURANTE (RESTAURANTE_ID,PRODUCTO_ID) VALUES ('16703612199',122);
INSERT INTO JOIN_PRODUCTO_TO_RESTAURANTE (RESTAURANTE_ID,PRODUCTO_ID) VALUES ('16703612199',123);
INSERT INTO JOIN_PRODUCTO_TO_RESTAURANTE (RESTAURANTE_ID,PRODUCTO_ID) VALUES ('16703612199',124);
INSERT INTO JOIN_PRODUCTO_TO_RESTAURANTE (RESTAURANTE_ID,PRODUCTO_ID) VALUES ('16703612199',125);
INSERT INTO JOIN_PRODUCTO_TO_RESTAURANTE (RESTAURANTE_ID,PRODUCTO_ID) VALUES ('76555494199',126);
INSERT INTO JOIN_PRODUCTO_TO_RESTAURANTE (RESTAURANTE_ID,PRODUCTO_ID) VALUES ('76555494199',127);
INSERT INTO JOIN_PRODUCTO_TO_RESTAURANTE (RESTAURANTE_ID,PRODUCTO_ID) VALUES ('76555494199',128);
INSERT INTO JOIN_PRODUCTO_TO_RESTAURANTE (RESTAURANTE_ID,PRODUCTO_ID) VALUES ('76555494199',129);
INSERT INTO JOIN_PRODUCTO_TO_RESTAURANTE (RESTAURANTE_ID,PRODUCTO_ID) VALUES ('76555494199',130);
INSERT INTO JOIN_PRODUCTO_TO_RESTAURANTE (RESTAURANTE_ID,PRODUCTO_ID) VALUES ('91982777399',131);
INSERT INTO JOIN_PRODUCTO_TO_RESTAURANTE (RESTAURANTE_ID,PRODUCTO_ID) VALUES ('91982777399',132);
INSERT INTO JOIN_PRODUCTO_TO_RESTAURANTE (RESTAURANTE_ID,PRODUCTO_ID) VALUES ('91982777399',133);
INSERT INTO JOIN_PRODUCTO_TO_RESTAURANTE (RESTAURANTE_ID,PRODUCTO_ID) VALUES ('91982777399',134);
INSERT INTO JOIN_PRODUCTO_TO_RESTAURANTE (RESTAURANTE_ID,PRODUCTO_ID) VALUES ('91982777399',135);
INSERT INTO JOIN_PRODUCTO_TO_RESTAURANTE (RESTAURANTE_ID,PRODUCTO_ID) VALUES ('23278059199',136);
INSERT INTO JOIN_PRODUCTO_TO_RESTAURANTE (RESTAURANTE_ID,PRODUCTO_ID) VALUES ('23278059199',137);
INSERT INTO JOIN_PRODUCTO_TO_RESTAURANTE (RESTAURANTE_ID,PRODUCTO_ID) VALUES ('23278059199',138);
INSERT INTO JOIN_PRODUCTO_TO_RESTAURANTE (RESTAURANTE_ID,PRODUCTO_ID) VALUES ('23278059199',139);
INSERT INTO JOIN_PRODUCTO_TO_RESTAURANTE (RESTAURANTE_ID,PRODUCTO_ID) VALUES ('23278059199',140);
INSERT INTO JOIN_PRODUCTO_TO_RESTAURANTE (RESTAURANTE_ID,PRODUCTO_ID) VALUES ('14201797799',141);
INSERT INTO JOIN_PRODUCTO_TO_RESTAURANTE (RESTAURANTE_ID,PRODUCTO_ID) VALUES ('14201797799',142);
INSERT INTO JOIN_PRODUCTO_TO_RESTAURANTE (RESTAURANTE_ID,PRODUCTO_ID) VALUES ('14201797799',143);
INSERT INTO JOIN_PRODUCTO_TO_RESTAURANTE (RESTAURANTE_ID,PRODUCTO_ID) VALUES ('14201797799',144);
INSERT INTO JOIN_PRODUCTO_TO_RESTAURANTE (RESTAURANTE_ID,PRODUCTO_ID) VALUES ('14201797799',145);
INSERT INTO JOIN_PRODUCTO_TO_RESTAURANTE (RESTAURANTE_ID,PRODUCTO_ID) VALUES ('16703612199',146);
INSERT INTO JOIN_PRODUCTO_TO_RESTAURANTE (RESTAURANTE_ID,PRODUCTO_ID) VALUES ('16703612199',147);
INSERT INTO JOIN_PRODUCTO_TO_RESTAURANTE (RESTAURANTE_ID,PRODUCTO_ID) VALUES ('16703612199',148);
INSERT INTO JOIN_PRODUCTO_TO_RESTAURANTE (RESTAURANTE_ID,PRODUCTO_ID) VALUES ('16703612199',149);
INSERT INTO JOIN_PRODUCTO_TO_RESTAURANTE (RESTAURANTE_ID,PRODUCTO_ID) VALUES ('16703612199',150);
INSERT INTO JOIN_PRODUCTO_TO_RESTAURANTE (RESTAURANTE_ID,PRODUCTO_ID) VALUES ('76555494199',151);
INSERT INTO JOIN_PRODUCTO_TO_RESTAURANTE (RESTAURANTE_ID,PRODUCTO_ID) VALUES ('76555494199',152);
INSERT INTO JOIN_PRODUCTO_TO_RESTAURANTE (RESTAURANTE_ID,PRODUCTO_ID) VALUES ('76555494199',153);
INSERT INTO JOIN_PRODUCTO_TO_RESTAURANTE (RESTAURANTE_ID,PRODUCTO_ID) VALUES ('76555494199',154);
INSERT INTO JOIN_PRODUCTO_TO_RESTAURANTE (RESTAURANTE_ID,PRODUCTO_ID) VALUES ('76555494199',155);
INSERT INTO JOIN_PRODUCTO_TO_RESTAURANTE (RESTAURANTE_ID,PRODUCTO_ID) VALUES ('91982777399',156);
INSERT INTO JOIN_PRODUCTO_TO_RESTAURANTE (RESTAURANTE_ID,PRODUCTO_ID) VALUES ('91982777399',157);
INSERT INTO JOIN_PRODUCTO_TO_RESTAURANTE (RESTAURANTE_ID,PRODUCTO_ID) VALUES ('91982777399',158);
INSERT INTO JOIN_PRODUCTO_TO_RESTAURANTE (RESTAURANTE_ID,PRODUCTO_ID) VALUES ('91982777399',159);
INSERT INTO JOIN_PRODUCTO_TO_RESTAURANTE (RESTAURANTE_ID,PRODUCTO_ID) VALUES ('91982777399',160);
INSERT INTO JOIN_PRODUCTO_TO_RESTAURANTE (RESTAURANTE_ID,PRODUCTO_ID) VALUES ('23278059199',161);
INSERT INTO JOIN_PRODUCTO_TO_RESTAURANTE (RESTAURANTE_ID,PRODUCTO_ID) VALUES ('23278059199',162);
INSERT INTO JOIN_PRODUCTO_TO_RESTAURANTE (RESTAURANTE_ID,PRODUCTO_ID) VALUES ('23278059199',163);
INSERT INTO JOIN_PRODUCTO_TO_RESTAURANTE (RESTAURANTE_ID,PRODUCTO_ID) VALUES ('23278059199',164);
INSERT INTO JOIN_PRODUCTO_TO_RESTAURANTE (RESTAURANTE_ID,PRODUCTO_ID) VALUES ('23278059199',165);
INSERT INTO JOIN_PRODUCTO_TO_RESTAURANTE (RESTAURANTE_ID,PRODUCTO_ID) VALUES ('14201797799',166);
INSERT INTO JOIN_PRODUCTO_TO_RESTAURANTE (RESTAURANTE_ID,PRODUCTO_ID) VALUES ('14201797799',167);
INSERT INTO JOIN_PRODUCTO_TO_RESTAURANTE (RESTAURANTE_ID,PRODUCTO_ID) VALUES ('14201797799',168);
INSERT INTO JOIN_PRODUCTO_TO_RESTAURANTE (RESTAURANTE_ID,PRODUCTO_ID) VALUES ('14201797799',169);
INSERT INTO JOIN_PRODUCTO_TO_RESTAURANTE (RESTAURANTE_ID,PRODUCTO_ID) VALUES ('14201797799',170);
INSERT INTO JOIN_PRODUCTO_TO_RESTAURANTE (RESTAURANTE_ID,PRODUCTO_ID) VALUES ('16703612199',171);
INSERT INTO JOIN_PRODUCTO_TO_RESTAURANTE (RESTAURANTE_ID,PRODUCTO_ID) VALUES ('16703612199',172);
INSERT INTO JOIN_PRODUCTO_TO_RESTAURANTE (RESTAURANTE_ID,PRODUCTO_ID) VALUES ('16703612199',173);
INSERT INTO JOIN_PRODUCTO_TO_RESTAURANTE (RESTAURANTE_ID,PRODUCTO_ID) VALUES ('16703612199',174);
INSERT INTO JOIN_PRODUCTO_TO_RESTAURANTE (RESTAURANTE_ID,PRODUCTO_ID) VALUES ('16703612199',175);
INSERT INTO JOIN_PRODUCTO_TO_RESTAURANTE (RESTAURANTE_ID,PRODUCTO_ID) VALUES ('76555494199',176);
INSERT INTO JOIN_PRODUCTO_TO_RESTAURANTE (RESTAURANTE_ID,PRODUCTO_ID) VALUES ('76555494199',177);
INSERT INTO JOIN_PRODUCTO_TO_RESTAURANTE (RESTAURANTE_ID,PRODUCTO_ID) VALUES ('76555494199',178);
INSERT INTO JOIN_PRODUCTO_TO_RESTAURANTE (RESTAURANTE_ID,PRODUCTO_ID) VALUES ('76555494199',179);
INSERT INTO JOIN_PRODUCTO_TO_RESTAURANTE (RESTAURANTE_ID,PRODUCTO_ID) VALUES ('76555494199',180);
INSERT INTO JOIN_PRODUCTO_TO_RESTAURANTE (RESTAURANTE_ID,PRODUCTO_ID) VALUES ('91982777399',181);
INSERT INTO JOIN_PRODUCTO_TO_RESTAURANTE (RESTAURANTE_ID,PRODUCTO_ID) VALUES ('91982777399',182);
INSERT INTO JOIN_PRODUCTO_TO_RESTAURANTE (RESTAURANTE_ID,PRODUCTO_ID) VALUES ('91982777399',183);
INSERT INTO JOIN_PRODUCTO_TO_RESTAURANTE (RESTAURANTE_ID,PRODUCTO_ID) VALUES ('91982777399',184);
INSERT INTO JOIN_PRODUCTO_TO_RESTAURANTE (RESTAURANTE_ID,PRODUCTO_ID) VALUES ('91982777399',185);
INSERT INTO JOIN_PRODUCTO_TO_RESTAURANTE (RESTAURANTE_ID,PRODUCTO_ID) VALUES ('23278059199',186);
INSERT INTO JOIN_PRODUCTO_TO_RESTAURANTE (RESTAURANTE_ID,PRODUCTO_ID) VALUES ('23278059199',187);
INSERT INTO JOIN_PRODUCTO_TO_RESTAURANTE (RESTAURANTE_ID,PRODUCTO_ID) VALUES ('23278059199',188);
INSERT INTO JOIN_PRODUCTO_TO_RESTAURANTE (RESTAURANTE_ID,PRODUCTO_ID) VALUES ('23278059199',189);
INSERT INTO JOIN_PRODUCTO_TO_RESTAURANTE (RESTAURANTE_ID,PRODUCTO_ID) VALUES ('23278059199',190);
INSERT INTO JOIN_PRODUCTO_TO_RESTAURANTE (RESTAURANTE_ID,PRODUCTO_ID) VALUES ('14201797799',191);
INSERT INTO JOIN_PRODUCTO_TO_RESTAURANTE (RESTAURANTE_ID,PRODUCTO_ID) VALUES ('14201797799',192);
INSERT INTO JOIN_PRODUCTO_TO_RESTAURANTE (RESTAURANTE_ID,PRODUCTO_ID) VALUES ('14201797799',193);
INSERT INTO JOIN_PRODUCTO_TO_RESTAURANTE (RESTAURANTE_ID,PRODUCTO_ID) VALUES ('14201797799',194);
INSERT INTO JOIN_PRODUCTO_TO_RESTAURANTE (RESTAURANTE_ID,PRODUCTO_ID) VALUES ('14201797799',195);
INSERT INTO JOIN_PRODUCTO_TO_RESTAURANTE (RESTAURANTE_ID,PRODUCTO_ID) VALUES ('16703612199',196);
INSERT INTO JOIN_PRODUCTO_TO_RESTAURANTE (RESTAURANTE_ID,PRODUCTO_ID) VALUES ('16703612199',197);
INSERT INTO JOIN_PRODUCTO_TO_RESTAURANTE (RESTAURANTE_ID,PRODUCTO_ID) VALUES ('16703612199',198);
INSERT INTO JOIN_PRODUCTO_TO_RESTAURANTE (RESTAURANTE_ID,PRODUCTO_ID) VALUES ('16703612199',199);
INSERT INTO JOIN_PRODUCTO_TO_RESTAURANTE (RESTAURANTE_ID,PRODUCTO_ID) VALUES ('16703612199',200);
INSERT INTO JOIN_PRODUCTO_TO_RESTAURANTE (RESTAURANTE_ID,PRODUCTO_ID) VALUES ('76555494199',201);
INSERT INTO JOIN_PRODUCTO_TO_RESTAURANTE (RESTAURANTE_ID,PRODUCTO_ID) VALUES ('76555494199',202);
INSERT INTO JOIN_PRODUCTO_TO_RESTAURANTE (RESTAURANTE_ID,PRODUCTO_ID) VALUES ('76555494199',203);
INSERT INTO JOIN_PRODUCTO_TO_RESTAURANTE (RESTAURANTE_ID,PRODUCTO_ID) VALUES ('76555494199',204);
INSERT INTO JOIN_PRODUCTO_TO_RESTAURANTE (RESTAURANTE_ID,PRODUCTO_ID) VALUES ('76555494199',205);
INSERT INTO JOIN_PRODUCTO_TO_RESTAURANTE (RESTAURANTE_ID,PRODUCTO_ID) VALUES ('91982777399',206);
INSERT INTO JOIN_PRODUCTO_TO_RESTAURANTE (RESTAURANTE_ID,PRODUCTO_ID) VALUES ('91982777399',207);
INSERT INTO JOIN_PRODUCTO_TO_RESTAURANTE (RESTAURANTE_ID,PRODUCTO_ID) VALUES ('91982777399',208);
INSERT INTO JOIN_PRODUCTO_TO_RESTAURANTE (RESTAURANTE_ID,PRODUCTO_ID) VALUES ('91982777399',209);
INSERT INTO JOIN_PRODUCTO_TO_RESTAURANTE (RESTAURANTE_ID,PRODUCTO_ID) VALUES ('91982777399',210);
INSERT INTO JOIN_PRODUCTO_TO_RESTAURANTE (RESTAURANTE_ID,PRODUCTO_ID) VALUES ('23278059199',211);
INSERT INTO JOIN_PRODUCTO_TO_RESTAURANTE (RESTAURANTE_ID,PRODUCTO_ID) VALUES ('23278059199',212);
INSERT INTO JOIN_PRODUCTO_TO_RESTAURANTE (RESTAURANTE_ID,PRODUCTO_ID) VALUES ('23278059199',213);
INSERT INTO JOIN_PRODUCTO_TO_RESTAURANTE (RESTAURANTE_ID,PRODUCTO_ID) VALUES ('23278059199',214);
INSERT INTO JOIN_PRODUCTO_TO_RESTAURANTE (RESTAURANTE_ID,PRODUCTO_ID) VALUES ('23278059199',215);
INSERT INTO JOIN_PRODUCTO_TO_RESTAURANTE (RESTAURANTE_ID,PRODUCTO_ID) VALUES ('14201797799',216);
INSERT INTO JOIN_PRODUCTO_TO_RESTAURANTE (RESTAURANTE_ID,PRODUCTO_ID) VALUES ('14201797799',217);
INSERT INTO JOIN_PRODUCTO_TO_RESTAURANTE (RESTAURANTE_ID,PRODUCTO_ID) VALUES ('14201797799',218);
INSERT INTO JOIN_PRODUCTO_TO_RESTAURANTE (RESTAURANTE_ID,PRODUCTO_ID) VALUES ('14201797799',219);
INSERT INTO JOIN_PRODUCTO_TO_RESTAURANTE (RESTAURANTE_ID,PRODUCTO_ID) VALUES ('14201797799',220);
INSERT INTO JOIN_PRODUCTO_TO_RESTAURANTE (RESTAURANTE_ID,PRODUCTO_ID) VALUES ('16703612199',221);
INSERT INTO JOIN_PRODUCTO_TO_RESTAURANTE (RESTAURANTE_ID,PRODUCTO_ID) VALUES ('16703612199',222);
INSERT INTO JOIN_PRODUCTO_TO_RESTAURANTE (RESTAURANTE_ID,PRODUCTO_ID) VALUES ('16703612199',223);
INSERT INTO JOIN_PRODUCTO_TO_RESTAURANTE (RESTAURANTE_ID,PRODUCTO_ID) VALUES ('16703612199',224);
INSERT INTO JOIN_PRODUCTO_TO_RESTAURANTE (RESTAURANTE_ID,PRODUCTO_ID) VALUES ('16703612199',225);
INSERT INTO JOIN_PRODUCTO_TO_RESTAURANTE (RESTAURANTE_ID,PRODUCTO_ID) VALUES ('76555494199',226);
INSERT INTO JOIN_PRODUCTO_TO_RESTAURANTE (RESTAURANTE_ID,PRODUCTO_ID) VALUES ('76555494199',227);
INSERT INTO JOIN_PRODUCTO_TO_RESTAURANTE (RESTAURANTE_ID,PRODUCTO_ID) VALUES ('76555494199',228);
INSERT INTO JOIN_PRODUCTO_TO_RESTAURANTE (RESTAURANTE_ID,PRODUCTO_ID) VALUES ('76555494199',229);
INSERT INTO JOIN_PRODUCTO_TO_RESTAURANTE (RESTAURANTE_ID,PRODUCTO_ID) VALUES ('76555494199',230);
INSERT INTO JOIN_PRODUCTO_TO_RESTAURANTE (RESTAURANTE_ID,PRODUCTO_ID) VALUES ('91982777399',231);
INSERT INTO JOIN_PRODUCTO_TO_RESTAURANTE (RESTAURANTE_ID,PRODUCTO_ID) VALUES ('91982777399',232);
INSERT INTO JOIN_PRODUCTO_TO_RESTAURANTE (RESTAURANTE_ID,PRODUCTO_ID) VALUES ('91982777399',233);
INSERT INTO JOIN_PRODUCTO_TO_RESTAURANTE (RESTAURANTE_ID,PRODUCTO_ID) VALUES ('91982777399',234);
INSERT INTO JOIN_PRODUCTO_TO_RESTAURANTE (RESTAURANTE_ID,PRODUCTO_ID) VALUES ('91982777399',235);
INSERT INTO JOIN_PRODUCTO_TO_RESTAURANTE (RESTAURANTE_ID,PRODUCTO_ID) VALUES ('23278059199',236);
INSERT INTO JOIN_PRODUCTO_TO_RESTAURANTE (RESTAURANTE_ID,PRODUCTO_ID) VALUES ('23278059199',237);
INSERT INTO JOIN_PRODUCTO_TO_RESTAURANTE (RESTAURANTE_ID,PRODUCTO_ID) VALUES ('23278059199',238);
INSERT INTO JOIN_PRODUCTO_TO_RESTAURANTE (RESTAURANTE_ID,PRODUCTO_ID) VALUES ('23278059199',239);
INSERT INTO JOIN_PRODUCTO_TO_RESTAURANTE (RESTAURANTE_ID,PRODUCTO_ID) VALUES ('23278059199',240);
INSERT INTO JOIN_PRODUCTO_TO_RESTAURANTE (RESTAURANTE_ID,PRODUCTO_ID) VALUES ('14201797799',241);
INSERT INTO JOIN_PRODUCTO_TO_RESTAURANTE (RESTAURANTE_ID,PRODUCTO_ID) VALUES ('14201797799',242);
INSERT INTO JOIN_PRODUCTO_TO_RESTAURANTE (RESTAURANTE_ID,PRODUCTO_ID) VALUES ('14201797799',243);
INSERT INTO JOIN_PRODUCTO_TO_RESTAURANTE (RESTAURANTE_ID,PRODUCTO_ID) VALUES ('14201797799',244);
INSERT INTO JOIN_PRODUCTO_TO_RESTAURANTE (RESTAURANTE_ID,PRODUCTO_ID) VALUES ('14201797799',245);
INSERT INTO JOIN_PRODUCTO_TO_RESTAURANTE (RESTAURANTE_ID,PRODUCTO_ID) VALUES ('16703612199',246);
INSERT INTO JOIN_PRODUCTO_TO_RESTAURANTE (RESTAURANTE_ID,PRODUCTO_ID) VALUES ('16703612199',247);
INSERT INTO JOIN_PRODUCTO_TO_RESTAURANTE (RESTAURANTE_ID,PRODUCTO_ID) VALUES ('16703612199',248);
INSERT INTO JOIN_PRODUCTO_TO_RESTAURANTE (RESTAURANTE_ID,PRODUCTO_ID) VALUES ('16703612199',249);
INSERT INTO JOIN_PRODUCTO_TO_RESTAURANTE (RESTAURANTE_ID,PRODUCTO_ID) VALUES ('16703612199',250);
INSERT INTO JOIN_PRODUCTO_TO_RESTAURANTE (RESTAURANTE_ID,PRODUCTO_ID) VALUES ('76555494199',251);
INSERT INTO JOIN_PRODUCTO_TO_RESTAURANTE (RESTAURANTE_ID,PRODUCTO_ID) VALUES ('76555494199',252);
INSERT INTO JOIN_PRODUCTO_TO_RESTAURANTE (RESTAURANTE_ID,PRODUCTO_ID) VALUES ('76555494199',253);
INSERT INTO JOIN_PRODUCTO_TO_RESTAURANTE (RESTAURANTE_ID,PRODUCTO_ID) VALUES ('76555494199',254);
INSERT INTO JOIN_PRODUCTO_TO_RESTAURANTE (RESTAURANTE_ID,PRODUCTO_ID) VALUES ('76555494199',255);
INSERT INTO JOIN_PRODUCTO_TO_RESTAURANTE (RESTAURANTE_ID,PRODUCTO_ID) VALUES ('91982777399',256);
INSERT INTO JOIN_PRODUCTO_TO_RESTAURANTE (RESTAURANTE_ID,PRODUCTO_ID) VALUES ('91982777399',257);
INSERT INTO JOIN_PRODUCTO_TO_RESTAURANTE (RESTAURANTE_ID,PRODUCTO_ID) VALUES ('91982777399',258);
INSERT INTO JOIN_PRODUCTO_TO_RESTAURANTE (RESTAURANTE_ID,PRODUCTO_ID) VALUES ('91982777399',259);
INSERT INTO JOIN_PRODUCTO_TO_RESTAURANTE (RESTAURANTE_ID,PRODUCTO_ID) VALUES ('91982777399',260);
INSERT INTO JOIN_PRODUCTO_TO_RESTAURANTE (RESTAURANTE_ID,PRODUCTO_ID) VALUES ('23278059199',261);
INSERT INTO JOIN_PRODUCTO_TO_RESTAURANTE (RESTAURANTE_ID,PRODUCTO_ID) VALUES ('23278059199',262);
INSERT INTO JOIN_PRODUCTO_TO_RESTAURANTE (RESTAURANTE_ID,PRODUCTO_ID) VALUES ('23278059199',263);
INSERT INTO JOIN_PRODUCTO_TO_RESTAURANTE (RESTAURANTE_ID,PRODUCTO_ID) VALUES ('23278059199',264);
INSERT INTO JOIN_PRODUCTO_TO_RESTAURANTE (RESTAURANTE_ID,PRODUCTO_ID) VALUES ('23278059199',265);
INSERT INTO JOIN_PRODUCTO_TO_RESTAURANTE (RESTAURANTE_ID,PRODUCTO_ID) VALUES ('14201797799',266);
INSERT INTO JOIN_PRODUCTO_TO_RESTAURANTE (RESTAURANTE_ID,PRODUCTO_ID) VALUES ('14201797799',267);
INSERT INTO JOIN_PRODUCTO_TO_RESTAURANTE (RESTAURANTE_ID,PRODUCTO_ID) VALUES ('14201797799',268);
INSERT INTO JOIN_PRODUCTO_TO_RESTAURANTE (RESTAURANTE_ID,PRODUCTO_ID) VALUES ('14201797799',269);
INSERT INTO JOIN_PRODUCTO_TO_RESTAURANTE (RESTAURANTE_ID,PRODUCTO_ID) VALUES ('14201797799',270);
INSERT INTO JOIN_PRODUCTO_TO_RESTAURANTE (RESTAURANTE_ID,PRODUCTO_ID) VALUES ('16703612199',271);
INSERT INTO JOIN_PRODUCTO_TO_RESTAURANTE (RESTAURANTE_ID,PRODUCTO_ID) VALUES ('16703612199',272);
INSERT INTO JOIN_PRODUCTO_TO_RESTAURANTE (RESTAURANTE_ID,PRODUCTO_ID) VALUES ('16703612199',273);
INSERT INTO JOIN_PRODUCTO_TO_RESTAURANTE (RESTAURANTE_ID,PRODUCTO_ID) VALUES ('16703612199',274);
INSERT INTO JOIN_PRODUCTO_TO_RESTAURANTE (RESTAURANTE_ID,PRODUCTO_ID) VALUES ('16703612199',275);
INSERT INTO JOIN_PRODUCTO_TO_RESTAURANTE (RESTAURANTE_ID,PRODUCTO_ID) VALUES ('76555494199',276);
INSERT INTO JOIN_PRODUCTO_TO_RESTAURANTE (RESTAURANTE_ID,PRODUCTO_ID) VALUES ('76555494199',277);
INSERT INTO JOIN_PRODUCTO_TO_RESTAURANTE (RESTAURANTE_ID,PRODUCTO_ID) VALUES ('76555494199',278);
INSERT INTO JOIN_PRODUCTO_TO_RESTAURANTE (RESTAURANTE_ID,PRODUCTO_ID) VALUES ('76555494199',279);
INSERT INTO JOIN_PRODUCTO_TO_RESTAURANTE (RESTAURANTE_ID,PRODUCTO_ID) VALUES ('76555494199',280);
INSERT INTO JOIN_PRODUCTO_TO_RESTAURANTE (RESTAURANTE_ID,PRODUCTO_ID) VALUES ('91982777399',281);
INSERT INTO JOIN_PRODUCTO_TO_RESTAURANTE (RESTAURANTE_ID,PRODUCTO_ID) VALUES ('91982777399',282);
INSERT INTO JOIN_PRODUCTO_TO_RESTAURANTE (RESTAURANTE_ID,PRODUCTO_ID) VALUES ('91982777399',283);
INSERT INTO JOIN_PRODUCTO_TO_RESTAURANTE (RESTAURANTE_ID,PRODUCTO_ID) VALUES ('91982777399',284);
INSERT INTO JOIN_PRODUCTO_TO_RESTAURANTE (RESTAURANTE_ID,PRODUCTO_ID) VALUES ('91982777399',285);
INSERT INTO JOIN_PRODUCTO_TO_RESTAURANTE (RESTAURANTE_ID,PRODUCTO_ID) VALUES ('23278059199',286);
INSERT INTO JOIN_PRODUCTO_TO_RESTAURANTE (RESTAURANTE_ID,PRODUCTO_ID) VALUES ('23278059199',287);
INSERT INTO JOIN_PRODUCTO_TO_RESTAURANTE (RESTAURANTE_ID,PRODUCTO_ID) VALUES ('23278059199',288);
INSERT INTO JOIN_PRODUCTO_TO_RESTAURANTE (RESTAURANTE_ID,PRODUCTO_ID) VALUES ('23278059199',289);
INSERT INTO JOIN_PRODUCTO_TO_RESTAURANTE (RESTAURANTE_ID,PRODUCTO_ID) VALUES ('23278059199',290);
INSERT INTO JOIN_PRODUCTO_TO_RESTAURANTE (RESTAURANTE_ID,PRODUCTO_ID) VALUES ('14201797799',291);
INSERT INTO JOIN_PRODUCTO_TO_RESTAURANTE (RESTAURANTE_ID,PRODUCTO_ID) VALUES ('14201797799',292);
INSERT INTO JOIN_PRODUCTO_TO_RESTAURANTE (RESTAURANTE_ID,PRODUCTO_ID) VALUES ('14201797799',293);
INSERT INTO JOIN_PRODUCTO_TO_RESTAURANTE (RESTAURANTE_ID,PRODUCTO_ID) VALUES ('14201797799',294);
INSERT INTO JOIN_PRODUCTO_TO_RESTAURANTE (RESTAURANTE_ID,PRODUCTO_ID) VALUES ('14201797799',295);
INSERT INTO JOIN_PRODUCTO_TO_RESTAURANTE (RESTAURANTE_ID,PRODUCTO_ID) VALUES ('16703612199',296);
INSERT INTO JOIN_PRODUCTO_TO_RESTAURANTE (RESTAURANTE_ID,PRODUCTO_ID) VALUES ('16703612199',297);
INSERT INTO JOIN_PRODUCTO_TO_RESTAURANTE (RESTAURANTE_ID,PRODUCTO_ID) VALUES ('16703612199',298);
INSERT INTO JOIN_PRODUCTO_TO_RESTAURANTE (RESTAURANTE_ID,PRODUCTO_ID) VALUES ('16703612199',299);
INSERT INTO JOIN_PRODUCTO_TO_RESTAURANTE (RESTAURANTE_ID,PRODUCTO_ID) VALUES ('16703612199',300);
INSERT INTO JOIN_PRODUCTO_TO_RESTAURANTE (RESTAURANTE_ID,PRODUCTO_ID) VALUES ('11477288499',201);
INSERT INTO JOIN_PRODUCTO_TO_RESTAURANTE (RESTAURANTE_ID,PRODUCTO_ID) VALUES ('11477288499',202);
INSERT INTO JOIN_PRODUCTO_TO_RESTAURANTE (RESTAURANTE_ID,PRODUCTO_ID) VALUES ('11477288499',203);
INSERT INTO JOIN_PRODUCTO_TO_RESTAURANTE (RESTAURANTE_ID,PRODUCTO_ID) VALUES ('11477288499',204);
INSERT INTO JOIN_PRODUCTO_TO_RESTAURANTE (RESTAURANTE_ID,PRODUCTO_ID) VALUES ('11477288499',205);
INSERT INTO JOIN_PRODUCTO_TO_RESTAURANTE (RESTAURANTE_ID,PRODUCTO_ID) VALUES ('24769649299',206);
INSERT INTO JOIN_PRODUCTO_TO_RESTAURANTE (RESTAURANTE_ID,PRODUCTO_ID) VALUES ('24769649299',207);
INSERT INTO JOIN_PRODUCTO_TO_RESTAURANTE (RESTAURANTE_ID,PRODUCTO_ID) VALUES ('24769649299',208);
INSERT INTO JOIN_PRODUCTO_TO_RESTAURANTE (RESTAURANTE_ID,PRODUCTO_ID) VALUES ('24769649299',209);
INSERT INTO JOIN_PRODUCTO_TO_RESTAURANTE (RESTAURANTE_ID,PRODUCTO_ID) VALUES ('24769649299',210);
INSERT INTO JOIN_PRODUCTO_TO_RESTAURANTE (RESTAURANTE_ID,PRODUCTO_ID) VALUES ('36501980699',211);
INSERT INTO JOIN_PRODUCTO_TO_RESTAURANTE (RESTAURANTE_ID,PRODUCTO_ID) VALUES ('36501980699',212);
INSERT INTO JOIN_PRODUCTO_TO_RESTAURANTE (RESTAURANTE_ID,PRODUCTO_ID) VALUES ('36501980699',213);
INSERT INTO JOIN_PRODUCTO_TO_RESTAURANTE (RESTAURANTE_ID,PRODUCTO_ID) VALUES ('36501980699',214);
INSERT INTO JOIN_PRODUCTO_TO_RESTAURANTE (RESTAURANTE_ID,PRODUCTO_ID) VALUES ('36501980699',215);
INSERT INTO JOIN_PRODUCTO_TO_RESTAURANTE (RESTAURANTE_ID,PRODUCTO_ID) VALUES ('20749256499',216);
INSERT INTO JOIN_PRODUCTO_TO_RESTAURANTE (RESTAURANTE_ID,PRODUCTO_ID) VALUES ('20749256499',217);
INSERT INTO JOIN_PRODUCTO_TO_RESTAURANTE (RESTAURANTE_ID,PRODUCTO_ID) VALUES ('20749256499',218);
INSERT INTO JOIN_PRODUCTO_TO_RESTAURANTE (RESTAURANTE_ID,PRODUCTO_ID) VALUES ('20749256499',219);
INSERT INTO JOIN_PRODUCTO_TO_RESTAURANTE (RESTAURANTE_ID,PRODUCTO_ID) VALUES ('20749256499',220);
INSERT INTO JOIN_PRODUCTO_TO_RESTAURANTE (RESTAURANTE_ID,PRODUCTO_ID) VALUES ('44651951399',221);
INSERT INTO JOIN_PRODUCTO_TO_RESTAURANTE (RESTAURANTE_ID,PRODUCTO_ID) VALUES ('44651951399',222);
INSERT INTO JOIN_PRODUCTO_TO_RESTAURANTE (RESTAURANTE_ID,PRODUCTO_ID) VALUES ('44651951399',223);
INSERT INTO JOIN_PRODUCTO_TO_RESTAURANTE (RESTAURANTE_ID,PRODUCTO_ID) VALUES ('44651951399',224);
INSERT INTO JOIN_PRODUCTO_TO_RESTAURANTE (RESTAURANTE_ID,PRODUCTO_ID) VALUES ('44651951399',225);
INSERT INTO JOIN_PRODUCTO_TO_RESTAURANTE (RESTAURANTE_ID,PRODUCTO_ID) VALUES ('11477288499',226);
INSERT INTO JOIN_PRODUCTO_TO_RESTAURANTE (RESTAURANTE_ID,PRODUCTO_ID) VALUES ('11477288499',227);
INSERT INTO JOIN_PRODUCTO_TO_RESTAURANTE (RESTAURANTE_ID,PRODUCTO_ID) VALUES ('11477288499',228);
INSERT INTO JOIN_PRODUCTO_TO_RESTAURANTE (RESTAURANTE_ID,PRODUCTO_ID) VALUES ('11477288499',229);
INSERT INTO JOIN_PRODUCTO_TO_RESTAURANTE (RESTAURANTE_ID,PRODUCTO_ID) VALUES ('11477288499',230);
INSERT INTO JOIN_PRODUCTO_TO_RESTAURANTE (RESTAURANTE_ID,PRODUCTO_ID) VALUES ('24769649299',231);
INSERT INTO JOIN_PRODUCTO_TO_RESTAURANTE (RESTAURANTE_ID,PRODUCTO_ID) VALUES ('24769649299',232);
INSERT INTO JOIN_PRODUCTO_TO_RESTAURANTE (RESTAURANTE_ID,PRODUCTO_ID) VALUES ('24769649299',233);
INSERT INTO JOIN_PRODUCTO_TO_RESTAURANTE (RESTAURANTE_ID,PRODUCTO_ID) VALUES ('24769649299',234);
INSERT INTO JOIN_PRODUCTO_TO_RESTAURANTE (RESTAURANTE_ID,PRODUCTO_ID) VALUES ('24769649299',235);
INSERT INTO JOIN_PRODUCTO_TO_RESTAURANTE (RESTAURANTE_ID,PRODUCTO_ID) VALUES ('36501980699',236);
INSERT INTO JOIN_PRODUCTO_TO_RESTAURANTE (RESTAURANTE_ID,PRODUCTO_ID) VALUES ('36501980699',237);
INSERT INTO JOIN_PRODUCTO_TO_RESTAURANTE (RESTAURANTE_ID,PRODUCTO_ID) VALUES ('36501980699',238);
INSERT INTO JOIN_PRODUCTO_TO_RESTAURANTE (RESTAURANTE_ID,PRODUCTO_ID) VALUES ('36501980699',239);
INSERT INTO JOIN_PRODUCTO_TO_RESTAURANTE (RESTAURANTE_ID,PRODUCTO_ID) VALUES ('36501980699',240);
INSERT INTO JOIN_PRODUCTO_TO_RESTAURANTE (RESTAURANTE_ID,PRODUCTO_ID) VALUES ('20749256499',241);
INSERT INTO JOIN_PRODUCTO_TO_RESTAURANTE (RESTAURANTE_ID,PRODUCTO_ID) VALUES ('20749256499',242);
INSERT INTO JOIN_PRODUCTO_TO_RESTAURANTE (RESTAURANTE_ID,PRODUCTO_ID) VALUES ('20749256499',243);
INSERT INTO JOIN_PRODUCTO_TO_RESTAURANTE (RESTAURANTE_ID,PRODUCTO_ID) VALUES ('20749256499',244);
INSERT INTO JOIN_PRODUCTO_TO_RESTAURANTE (RESTAURANTE_ID,PRODUCTO_ID) VALUES ('20749256499',245);
INSERT INTO JOIN_PRODUCTO_TO_RESTAURANTE (RESTAURANTE_ID,PRODUCTO_ID) VALUES ('44651951399',246);
INSERT INTO JOIN_PRODUCTO_TO_RESTAURANTE (RESTAURANTE_ID,PRODUCTO_ID) VALUES ('44651951399',247);
INSERT INTO JOIN_PRODUCTO_TO_RESTAURANTE (RESTAURANTE_ID,PRODUCTO_ID) VALUES ('44651951399',248);
INSERT INTO JOIN_PRODUCTO_TO_RESTAURANTE (RESTAURANTE_ID,PRODUCTO_ID) VALUES ('44651951399',249);
INSERT INTO JOIN_PRODUCTO_TO_RESTAURANTE (RESTAURANTE_ID,PRODUCTO_ID) VALUES ('44651951399',250);
INSERT INTO JOIN_PRODUCTO_TO_RESTAURANTE (RESTAURANTE_ID,PRODUCTO_ID) VALUES ('11477288499',251);
INSERT INTO JOIN_PRODUCTO_TO_RESTAURANTE (RESTAURANTE_ID,PRODUCTO_ID) VALUES ('11477288499',252);
INSERT INTO JOIN_PRODUCTO_TO_RESTAURANTE (RESTAURANTE_ID,PRODUCTO_ID) VALUES ('11477288499',253);
INSERT INTO JOIN_PRODUCTO_TO_RESTAURANTE (RESTAURANTE_ID,PRODUCTO_ID) VALUES ('11477288499',254);
INSERT INTO JOIN_PRODUCTO_TO_RESTAURANTE (RESTAURANTE_ID,PRODUCTO_ID) VALUES ('11477288499',255);
INSERT INTO JOIN_PRODUCTO_TO_RESTAURANTE (RESTAURANTE_ID,PRODUCTO_ID) VALUES ('24769649299',256);
INSERT INTO JOIN_PRODUCTO_TO_RESTAURANTE (RESTAURANTE_ID,PRODUCTO_ID) VALUES ('24769649299',257);
INSERT INTO JOIN_PRODUCTO_TO_RESTAURANTE (RESTAURANTE_ID,PRODUCTO_ID) VALUES ('24769649299',258);
INSERT INTO JOIN_PRODUCTO_TO_RESTAURANTE (RESTAURANTE_ID,PRODUCTO_ID) VALUES ('24769649299',259);
INSERT INTO JOIN_PRODUCTO_TO_RESTAURANTE (RESTAURANTE_ID,PRODUCTO_ID) VALUES ('24769649299',260);
INSERT INTO JOIN_PRODUCTO_TO_RESTAURANTE (RESTAURANTE_ID,PRODUCTO_ID) VALUES ('36501980699',261);
INSERT INTO JOIN_PRODUCTO_TO_RESTAURANTE (RESTAURANTE_ID,PRODUCTO_ID) VALUES ('36501980699',262);
INSERT INTO JOIN_PRODUCTO_TO_RESTAURANTE (RESTAURANTE_ID,PRODUCTO_ID) VALUES ('36501980699',263);
INSERT INTO JOIN_PRODUCTO_TO_RESTAURANTE (RESTAURANTE_ID,PRODUCTO_ID) VALUES ('36501980699',264);
INSERT INTO JOIN_PRODUCTO_TO_RESTAURANTE (RESTAURANTE_ID,PRODUCTO_ID) VALUES ('36501980699',265);
INSERT INTO JOIN_PRODUCTO_TO_RESTAURANTE (RESTAURANTE_ID,PRODUCTO_ID) VALUES ('20749256499',266);
INSERT INTO JOIN_PRODUCTO_TO_RESTAURANTE (RESTAURANTE_ID,PRODUCTO_ID) VALUES ('20749256499',267);
INSERT INTO JOIN_PRODUCTO_TO_RESTAURANTE (RESTAURANTE_ID,PRODUCTO_ID) VALUES ('20749256499',268);
INSERT INTO JOIN_PRODUCTO_TO_RESTAURANTE (RESTAURANTE_ID,PRODUCTO_ID) VALUES ('20749256499',269);
INSERT INTO JOIN_PRODUCTO_TO_RESTAURANTE (RESTAURANTE_ID,PRODUCTO_ID) VALUES ('20749256499',270);
INSERT INTO JOIN_PRODUCTO_TO_RESTAURANTE (RESTAURANTE_ID,PRODUCTO_ID) VALUES ('44651951399',271);
INSERT INTO JOIN_PRODUCTO_TO_RESTAURANTE (RESTAURANTE_ID,PRODUCTO_ID) VALUES ('44651951399',272);
INSERT INTO JOIN_PRODUCTO_TO_RESTAURANTE (RESTAURANTE_ID,PRODUCTO_ID) VALUES ('44651951399',273);
INSERT INTO JOIN_PRODUCTO_TO_RESTAURANTE (RESTAURANTE_ID,PRODUCTO_ID) VALUES ('44651951399',274);
INSERT INTO JOIN_PRODUCTO_TO_RESTAURANTE (RESTAURANTE_ID,PRODUCTO_ID) VALUES ('44651951399',275);
INSERT INTO JOIN_PRODUCTO_TO_RESTAURANTE (RESTAURANTE_ID,PRODUCTO_ID) VALUES ('11477288499',276);
INSERT INTO JOIN_PRODUCTO_TO_RESTAURANTE (RESTAURANTE_ID,PRODUCTO_ID) VALUES ('11477288499',277);
INSERT INTO JOIN_PRODUCTO_TO_RESTAURANTE (RESTAURANTE_ID,PRODUCTO_ID) VALUES ('11477288499',278);
INSERT INTO JOIN_PRODUCTO_TO_RESTAURANTE (RESTAURANTE_ID,PRODUCTO_ID) VALUES ('11477288499',279);
INSERT INTO JOIN_PRODUCTO_TO_RESTAURANTE (RESTAURANTE_ID,PRODUCTO_ID) VALUES ('11477288499',280);
INSERT INTO JOIN_PRODUCTO_TO_RESTAURANTE (RESTAURANTE_ID,PRODUCTO_ID) VALUES ('24769649299',281);
INSERT INTO JOIN_PRODUCTO_TO_RESTAURANTE (RESTAURANTE_ID,PRODUCTO_ID) VALUES ('24769649299',282);
INSERT INTO JOIN_PRODUCTO_TO_RESTAURANTE (RESTAURANTE_ID,PRODUCTO_ID) VALUES ('24769649299',283);
INSERT INTO JOIN_PRODUCTO_TO_RESTAURANTE (RESTAURANTE_ID,PRODUCTO_ID) VALUES ('24769649299',284);
INSERT INTO JOIN_PRODUCTO_TO_RESTAURANTE (RESTAURANTE_ID,PRODUCTO_ID) VALUES ('24769649299',285);
INSERT INTO JOIN_PRODUCTO_TO_RESTAURANTE (RESTAURANTE_ID,PRODUCTO_ID) VALUES ('36501980699',286);
INSERT INTO JOIN_PRODUCTO_TO_RESTAURANTE (RESTAURANTE_ID,PRODUCTO_ID) VALUES ('36501980699',287);
INSERT INTO JOIN_PRODUCTO_TO_RESTAURANTE (RESTAURANTE_ID,PRODUCTO_ID) VALUES ('36501980699',288);
INSERT INTO JOIN_PRODUCTO_TO_RESTAURANTE (RESTAURANTE_ID,PRODUCTO_ID) VALUES ('36501980699',289);
INSERT INTO JOIN_PRODUCTO_TO_RESTAURANTE (RESTAURANTE_ID,PRODUCTO_ID) VALUES ('36501980699',290);
INSERT INTO JOIN_PRODUCTO_TO_RESTAURANTE (RESTAURANTE_ID,PRODUCTO_ID) VALUES ('20749256499',291);
INSERT INTO JOIN_PRODUCTO_TO_RESTAURANTE (RESTAURANTE_ID,PRODUCTO_ID) VALUES ('20749256499',292);
INSERT INTO JOIN_PRODUCTO_TO_RESTAURANTE (RESTAURANTE_ID,PRODUCTO_ID) VALUES ('20749256499',293);
INSERT INTO JOIN_PRODUCTO_TO_RESTAURANTE (RESTAURANTE_ID,PRODUCTO_ID) VALUES ('20749256499',294);
INSERT INTO JOIN_PRODUCTO_TO_RESTAURANTE (RESTAURANTE_ID,PRODUCTO_ID) VALUES ('20749256499',295);
INSERT INTO JOIN_PRODUCTO_TO_RESTAURANTE (RESTAURANTE_ID,PRODUCTO_ID) VALUES ('44651951399',296);
INSERT INTO JOIN_PRODUCTO_TO_RESTAURANTE (RESTAURANTE_ID,PRODUCTO_ID) VALUES ('44651951399',297);
INSERT INTO JOIN_PRODUCTO_TO_RESTAURANTE (RESTAURANTE_ID,PRODUCTO_ID) VALUES ('44651951399',298);
INSERT INTO JOIN_PRODUCTO_TO_RESTAURANTE (RESTAURANTE_ID,PRODUCTO_ID) VALUES ('44651951399',299);
INSERT INTO JOIN_PRODUCTO_TO_RESTAURANTE (RESTAURANTE_ID,PRODUCTO_ID) VALUES ('44651951399',300);
COMMIT;

--PISCINAS
INSERT INTO PISCINA (ID,CAPACIDAD,OCUPACION_ACTUAL,HORARIO_INICIAL,HORARIO_FINAL,PROFUNDIDAD,HOTEL_ID) VALUES (99786359799,19,9,'Apr 22, 2020','Jul 5, 2020',3,'89973308199');
INSERT INTO PISCINA (ID,CAPACIDAD,OCUPACION_ACTUAL,HORARIO_INICIAL,HORARIO_FINAL,PROFUNDIDAD,HOTEL_ID) VALUES (01735769299,17,2,'Apr 16, 2020','Jun 15, 2020',2,'55972974299');
INSERT INTO PISCINA (ID,CAPACIDAD,OCUPACION_ACTUAL,HORARIO_INICIAL,HORARIO_FINAL,PROFUNDIDAD,HOTEL_ID) VALUES (29559423599,23,4,'Apr 21, 2020','Jul 5, 2020',5,'55972974299');
INSERT INTO PISCINA (ID,CAPACIDAD,OCUPACION_ACTUAL,HORARIO_INICIAL,HORARIO_FINAL,PROFUNDIDAD,HOTEL_ID) VALUES (62208298099,29,3,'Apr 7, 2020','Jun 8, 2020',5,'79294302099');
INSERT INTO PISCINA (ID,CAPACIDAD,OCUPACION_ACTUAL,HORARIO_INICIAL,HORARIO_FINAL,PROFUNDIDAD,HOTEL_ID) VALUES (43570902799,23,11,'Apr 14, 2020','Jul 1, 2020',4,'79294302099');
INSERT INTO PISCINA (ID,CAPACIDAD,OCUPACION_ACTUAL,HORARIO_INICIAL,HORARIO_FINAL,PROFUNDIDAD,HOTEL_ID) VALUES (04929750799,23,7,'Apr 9, 2020','Jun 19, 2020',1,'46882203999');
COMMIT;

--